reviewId,userName,userImage,content,score,thumbsUpCount,reviewCreatedVersion,at,replyContent,repliedAt,appVersion
acc604c3-dd4e-49fe-8a59-8c1499e9ae70,Renoadhi T,https://play-lh.googleusercontent.com/a-/ALV-UjUaexUKhndiUcHGMIt5ZcC5mL-dmj8LmCsxhhgfrlyzFCxrrqo,Useful App for travelling. Helps me plan trips to places close to public transport.,5,0,1.4.9,2025-09-06 12:18:54,,,1.4.9
4aeff7f0-0aab-4483-b215-ce4db280bd9c,Joel B. Z,https://play-lh.googleusercontent.com/a/ACg8ocKl2MY3Enb1p7WGjuNYYG72dLAu4GQ-4xfeWzfB8LDbI4Bn2w=mo,skrg pengelola bus nya yg tolol. bus bisa sepi d satu arah numpuk d jalur sebalik nya.,1,0,1.4.9,2025-09-06 09:51:49,,,1.4.9
e55068b5-017d-44ac-b74f-b5af9b0e5d63,Panji Rafi,https://play-lh.googleusercontent.com/a-/ALV-UjX8Wc7Yocgy-BHq86ypdoVE01V3gqvMwgGzLQ_9nUS19yLoH918FQ,"Very good for tracking. Hopefully there's option paying the ticket from the app itself, it will be a lot easier since other app (gobis) doesn't work this well.",5,0,1.4.9,2025-09-06 00:16:01,,,1.4.9
68b49399-6194-4947-9e48-fbcc4e1ad459,Maulana Yusuf,https://play-lh.googleusercontent.com/a-/ALV-UjW1LIPm0VAOk6bN_NwW95AwcUn7lIoqnDbk3fNSzE8nYaKi17wl,one of the best dari aplikasi pemerintah,5,0,1.4.9,2025-08-31 01:53:56,,,1.4.9
8086420f-9f74-49c3-bb4d-ba06999a0e9c,Gabi,https://play-lh.googleusercontent.com/a-/ALV-UjUt6cPlq124M1Wefqk-hcaruZrEl-R64ICAH8lvhsn_bVWNcUo,aplikasinya sering eror. busnya juga jadi kecil dan kuotanya kaya ga diperbanyak.,3,0,1.4.9,2025-08-22 06:57:16,,,1.4.9
6b5e7d5c-f2c2-4d23-8b1a-89c5a5f146f4,Lathifa,https://play-lh.googleusercontent.com/a-/ALV-UjUnv5tT8ILDpWwO5IsrqID2mH-aNsaRycXkBKSEVJ7EypYlhNJREA,"bagusss berguna bgt, kadang ada yg gak ketracking busnya tp overall bagus",5,1,1.4.9,2025-08-21 01:27:16,,,1.4.9
86d73bf9-64c2-4968-bbf3-8bd029a9f8cf,Fitri Defi,https://play-lh.googleusercontent.com/a-/ALV-UjXMgnCkXKGFpO30DU7nTJ51B_sxvPQsNRnrfjQxRdCLo6iYRbCSuQ,"tolong perbaikinya dong, udah seminggu ini. rating ini akan berubah kalau perbaikan nya udah oke",1,0,1.4.9,2025-08-20 08:42:38,,,1.4.9
f8322a50-ac57-492f-9e4a-6c17fdf862af,Afandi Dakumun,https://play-lh.googleusercontent.com/a-/ALV-UjXn9FH2AO3em571tgAWmE_vDXt2mPsGljPrQuilzb301ejLxa4B,"admin teman bus kalimantan selatan 2 hari ini tracking buss gak normal, sementara bintang 3 dulu, kalo dah normal bintang 5",2,0,1.4.9,2025-08-20 08:40:45,,,1.4.9
d7437307-7a91-4ecf-9071-9f65b6c6fd5c,Allan Hunter,https://play-lh.googleusercontent.com/a-/ALV-UjXfQ6V8HpcVDER7oSiJDL_4av6EaCn1X06PRum_6lE6SKNZM74,no information in English for tourists,1,0,1.4.9,2025-08-20 04:22:09,,,1.4.9
ad23b8d2-eac5-44bd-be3f-4c0af1ea9634,dwiyana maulita,https://play-lh.googleusercontent.com/a/ACg8ocLr8Bp4M_RTMvz-w8j1J2mWyfig4VR3fA_knsxBwQxrdFlP4rSI=mo,makin diupdate kok makin gak jelas sih... udah ketinggalan bus yg brp kali karna posisi gak akurat..,2,0,,2025-08-20 00:24:43,"Hai kak, mohon maaf atas ketidaknyamanannya. Jika belum update aplikasi bisa update ke versi terbaru. Thanks",2024-08-26 05:08:12,
b2d38a48-673d-4dff-8155-f2d7a67c8d09,BERLIN NAPOLEON,https://play-lh.googleusercontent.com/a/ACg8ocLIoaVO7H_FteJJD06_ned6C6enWsimGthgvgG9bBaOXUcQ5w=mo,"tolong dibenerin lah sistem live tracking dari busnya, jadi susah saya kalo mau pake busnya Sudan sebulan ini",3,0,1.4.9,2025-08-19 04:36:52,,,1.4.9
7c3f90ce-241b-4dcf-8c3d-b0ddd7694dec,Fadil Nasution,https://play-lh.googleusercontent.com/a-/ALV-UjWYMoJjeCeUYW2x-ZDD1KuEqRLri-cv33hofqbDyCp5vesV0EgC,"Dear dev, Mohon diperbaiki untuk os 15 android, saya gak bisa login akun melalui Google account, hp saya vivo y27 5g",1,0,1.4.9,2025-08-07 06:02:30,,,1.4.9
3652e1e0-288b-49cb-a477-11dff8db86de,Ahmad Qomarudin,https://play-lh.googleusercontent.com/a-/ALV-UjUvyyalqvq16zACop-a-M5oGB8BpkHkpH6D-IrqFpxRwinEqrc,"Keren ini, live tracking nya pas",5,0,1.4.9,2025-08-05 22:17:43,,,1.4.9
71693197-0aef-42d5-839c-056b39dd7e95,Joe Mesiano Hoosana,https://play-lh.googleusercontent.com/a/ACg8ocKgqblq5kwQF77-HSt51hO7GhZpVXv0p4BguWvJ0PaQ5RQpog=mo,usefullll for BISkita,5,0,1.4.8,2025-08-04 04:41:25,,,1.4.8
fbbe714e-a4f3-44e6-9e00-2e0ee3bfcb53,Maria DRT Ambesa,https://play-lh.googleusercontent.com/a-/ALV-UjV10aMFmMU3HDl1OMNXSz6JrUIwh5aaS6DRfdHoG_HbcB2G8FRlwg,bagaimana mengetahui selang waktu bus standby di titik penjemputan?,3,0,1.4.8,2025-08-03 23:01:41,,,1.4.8
4e863fdf-41eb-4233-b230-93ea085ee5b1,-k,https://play-lh.googleusercontent.com/a/ACg8ocKO8hQp3tbi1s7_lbGB-5INtzHfGulsdtJryx114k7YMdyz=mo,fitur teman bus error terus,1,0,1.4.8,2025-07-31 23:23:31,,,1.4.8
f24ab6cc-c4df-433c-8eb6-590bcb521e32,dian rahma,https://play-lh.googleusercontent.com/a-/ALV-UjUyg3nW5E7nlt8GiwO2xtqX8wkKRXw0ZXUqkFjmauHPhum4iiayZg,bis kita trans wibawa Mukti belum terintegrasi di aplikasi ini. jadi belum bisa telusur terkini posisi bis ada di mana dan estimasi ketibaannya. tolong lah segera integrasikan.,3,1,1.4.8,2025-07-30 08:39:33,,,1.4.8
982559d4-8b92-4464-93cd-f4f7108a3104,Sesa Sesanti,https://play-lh.googleusercontent.com/a-/ALV-UjWaisMwE9rQmeLS8u3vSAIucY9tde2BQq51FplLUr9WxhDRwz8,membantu melacak kadatangan bus trans patriot dengan tepat,5,0,1.4.8,2025-07-26 05:56:49,,,1.4.8
b4a629e1-dded-450e-b0b7-9c7d64280633,Ananda Vadhila,https://play-lh.googleusercontent.com/a/ACg8ocIuYSyXfbF4r9Peh3n4KSKS79zvSOqMlL_ghI5VZBERVuqA93c=mo,"tolong dong diperbaikin lagi, udh 2x saya tracking bus, bus nya malah ga jalan jalan dan berakhir telat. saya pikir krn macet, lalu ga lama malah bus nya udh ngelewatin halte saya hdeh kecewa kali",1,1,1.4.8,2025-07-22 07:00:25,,,1.4.8
fde003bf-e922-4252-bfc7-edb0f868c5ae,Victorio Tiofilus,https://play-lh.googleusercontent.com/a/ACg8ocK6CkF04hEzogSd2MCa3R5-LD7dt2qHmny2D_JXrWSFDJJLow=mo,akurat. sangat membantu,5,0,1.4.8,2025-07-16 08:33:07,,,1.4.8
f795886d-0e21-4f10-8dd1-bb6ce58408f0,Xia Lukita,https://play-lh.googleusercontent.com/a-/ALV-UjW7x90ZF2B2sp_s7nNLfDQFE-AmAfwqEZ75apW5AY7N5CIf8DRU,kepake bgt buat ngetrack bisnya sampe mana,5,0,1.4.8,2025-07-16 00:33:22,,,1.4.8
c7f73d26-a37b-4458-9fdb-c179d076809c,Fadhil Ramadhan,https://play-lh.googleusercontent.com/a-/ALV-UjW9azY2yRGWYN6sxmWv_dUnNrfhVS0dgs3C3Vj5Bdl6He4tB-NpzQ,cek laik & tracking bus akap sering error,4,0,1.4.8,2025-07-15 13:38:23,,,1.4.8
5c1a8d40-c9fc-4eef-aa25-ad2cb97ba440,Muhammad Salman Fauzan Ma'ruf,https://play-lh.googleusercontent.com/a-/ALV-UjXaEJvFwyzUVGeUhnzyFKpZWB9PtR-CJJZVkS2JsHG39I18ft5Amw,üëçüèª,5,0,1.4.8,2025-07-14 07:28:50,,,1.4.8
55965688-20d0-4d31-9981-c5badabfb512,DN54 T346,https://play-lh.googleusercontent.com/a-/ALV-UjW_7zg7gI2PJ0ES_KjR0a7wYs4kZNCqZ_J44DPh9PJnVU5IOl-Z,"Mantap, sangat membantu perjalanan bus, data real-time dan update bus juga sesuai. Pertahankan dan tingkatkan lagi üî•üî•üî•",5,0,1.4.8,2025-07-13 04:23:31,,,1.4.8
eb431570-b6b7-445f-98cb-fecabe026a68,Rangga Yogiswara,https://play-lh.googleusercontent.com/a-/ALV-UjWd6uRaExQ4khur1tw4Ulixe8Q7I7Eu_Xr_FtodYFjoC20hAQSs,Mengapa Rute Biskita Trans Wibawa Mukti belum tersedia?,4,1,1.4.8,2025-07-10 00:28:24,,,1.4.8
dabff5de-2aa5-4d18-b6e1-f2d82bbbcd80,Dinda,https://play-lh.googleusercontent.com/a-/ALV-UjXlsZWPoxy0oU5incs4cF9R2ySaJs85lvgMuMhUrSXoISEAK-i-,biskita trans wibawa muktinya tidak ada,1,1,1.4.8,2025-07-09 01:21:18,,,1.4.8
3c622dae-3047-46e0-abbc-b8245f0e78c6,Totok Saikam,https://play-lh.googleusercontent.com/a-/ALV-UjXh_FLtDZ9RoxH33Lt1V0-LS0RZ7QLDEc3u7_VeTr2GJp3gQ9r2,This is a good public transportation in Great Bandung.,5,0,1.4.8,2025-07-07 22:55:51,,,1.4.8
e520bd4f-ad24-4d2b-b01b-8d5ac16e9f39,Hayfa Amanda,https://play-lh.googleusercontent.com/a-/ALV-UjWaWIuLhDgD-Ej0azsI3jULw-w23JSsqV4kppm0hBM-6Zhw679Rzw,"I've been using this app since I was still in college‚ÄîIt helped me to navigate the bus routes in Surabaya. I love how we can see the time remaining for the next bus before it reaches the bus stop. But, I think it's only when the bus is already near? Because I rarely see >15 minutes. And, I'd like to give a suggestion: please add a feature where we can see the timetable of the buses, please‚ÄîIt would help a lot!",4,1,1.4.8,2025-07-01 01:14:36,,,1.4.8
6d246daa-377b-4ff8-9580-63a82d91b928,Abigail Tampubolon,https://play-lh.googleusercontent.com/a-/ALV-UjWN4oqHYJ6oN4E7PerHq1PDQ1pAMt4NC4HRQkOckto_sB_uMndq,saya Salah jenis bus,5,0,1.4.8,2025-05-27 13:12:42,,,1.4.8
5f93c304-7631-4dc2-8e77-92fd3f3c9ea8,Mei Mustaqim,https://play-lh.googleusercontent.com/a-/ALV-UjWh7Zb8qFRq6PTvwGaRT6HA2ICr2WVc8J0_9voaezqgb0Nz5AVIvA,"transum di balikpapan masih kurang, rute yg jauh buat nunggu makin lama",3,0,,2025-05-26 01:22:45,,,
abbfd35b-c9ab-4a4f-9289-a6d91e191740,Arana Pratama,https://play-lh.googleusercontent.com/a-/ALV-UjUv0vN3L7Cq2Bblxbp3Qw7DICxK0UjZyDZBep6jwCs4fCp3-vxA,really helping,5,0,1.4.7,2025-05-20 05:29:21,,,1.4.7
81e9e5bc-5173-4c6d-a383-f16e018e1601,Fadhil Ghifari,https://play-lh.googleusercontent.com/a-/ALV-UjVOPA8xhbkR_OCuxSHJQIWsB9QKUTXzPrm7VWdnaTQ3_J84qady,very gooood,5,0,1.4.8,2025-05-19 22:54:56,,,1.4.8
ce30017b-d62d-4093-94ad-a0c1c0f8e65e,Fatah mahendra,https://play-lh.googleusercontent.com/a/ACg8ocIgpOpVl4YjTpmSEVIZ8eMKKhAObJ_TMGqlZ0_9Q0m3LhMO=mo,membantu kegiatan sehari hari,5,0,1.4.7,2025-05-19 10:18:18,,,1.4.7
2c9a7bcd-f7ca-434f-872d-183bccfa90a9,Farhan Ari,https://play-lh.googleusercontent.com/a-/ALV-UjUTn0SRChQgmPPu5ItcF0gPPXcmhoFHf-qRguvfQ9yysuC4rQMXOw,"Tolong saat pertama kali buka aplikasi, jangan selalu ditampilkan untuk halaman login. Jangan dibiasakan apa-apa pengguna perlu punya akun. Pengguna hanya perlu informasinya. Overall sudah bagus, cuman itu aja yang mengganggu.",4,1,1.4.7,2025-05-18 06:31:01,,,1.4.7
e59a1222-ca96-4440-969f-ba832063186f,Jorgy Manuhutu,https://play-lh.googleusercontent.com/a-/ALV-UjVohz5tf8Ih48fj_W4crIYrlHyXM-JOwH18Eol0VlImWGxPJoJT,"berguna banget buat tracking biskita transpakuan! semoga anggarannya ada terus tiap tahun buat maintain, bahkan kalo bisa develop aplikasi ini.",5,1,1.4.7,2025-05-17 10:22:49,,,1.4.7
66730e97-0b86-4975-9dcf-950adf8ac84f,Nav1z,https://play-lh.googleusercontent.com/a-/ALV-UjXo6zKd9Ix0Tf4OSC4s8ZoZws6YniCydQ7i_cmtjNqm-ygk-G19,Maklum GPS masih error,4,0,1.4.7,2025-05-16 06:16:24,,,1.4.7
4aa40c57-844b-4995-b04f-81841576bcc5,Aan adi gunawan,https://play-lh.googleusercontent.com/a-/ALV-UjUpnscd6btuXLMMH_uuU_lxE1zsL4vwcOknWIZdCuOe0LxYect0,tidak bisa tracking bis AKAP lagi,1,2,1.4.7,2025-05-11 09:48:09,,,1.4.7
1e3f4d68-3890-4214-bb7d-2bd5937157fd,Zeni Lome,https://play-lh.googleusercontent.com/a/ACg8ocIJ8J9KLkt9hNXbBY962nGeSqGNePQ_MI9LdCbotcXVQWHw2w=mo,it was a nice application but of late there are freezes or buses at one stop and not accurate enough. please improve. thanks,2,0,,2025-05-05 01:14:30,,,
cdcb64f3-ee2f-4e62-bc7d-407be9fe1028,fauziah,https://play-lh.googleusercontent.com/a-/ALV-UjWWXnhUvyFMdUN89EB6GU0B1o8UUVUluJQCpohtdQQs8QhFik2w,"gak akurat, masa di apk udh deket bgt tapi gak jalan2 udh 20 menit nunggu",1,1,1.4.6,2025-05-03 06:27:56,,,1.4.6
f0f7d473-0fd4-4b49-bf74-641362fc24c6,Ramadhan Arribiqi,https://play-lh.googleusercontent.com/a-/ALV-UjUf4yh2WUCRZoQ3RSozlPTqMNODi1YRglJ1nKqG7wpSVrqWWLI_,"Thank you so much, it really helps me to know the exact move of the bus on my Route.",5,0,1.4.6,2025-04-29 09:49:37,,,1.4.6
02f8aa8c-67b0-409f-9889-71b49c92a6df,sofia sofia,https://play-lh.googleusercontent.com/a-/ALV-UjVU24v1yUShHWq-owLYPMWv78xborFXC57JB1UYoweilRzv4r35,"pengemudi bus bandung ada yg nyetirnya ngebut, bahkan sudah maju saat sy baru naik blm tap kartu, sampai sy jatuh ke jalan dan cedera tulang ekor. itu pun pengemudinya tidak minta maaf. sangat kecewa sekali.",1,0,1.4.6,2025-04-24 11:09:51,,,1.4.6
7fd6c0a8-2a11-4949-bb9b-aac346894ef6,Paul Green,https://play-lh.googleusercontent.com/a-/ALV-UjWX4X11CZXkzU9JoCqnZsu1TT_AaVehsYZQhZ2BDzkN48Aix_g,Useless for English speaking tourists,1,0,1.4.6,2025-04-22 07:27:48,,,1.4.6
3b5143da-34cd-449e-aea6-424edf245adc,Hmns,https://play-lh.googleusercontent.com/a-/ALV-UjX5F4AE9VC_qApdFwqr9blKDe5k2mjEE6Ds4APQENXBhEnEKyAl,updatenya lamaaa sekali sehingga tdk bisa cek keberadaaan bus yg lewat halte ... fix it please dan cepat,1,0,1.4.6,2025-04-22 05:16:24,,,1.4.6
f333414e-1e6d-4a94-a858-565764269aa2,Fiona,https://play-lh.googleusercontent.com/a/ACg8ocIvI_HN_yYe_R0LMtceIQucIsRvoB1Hg4zny6Dtw3Y1PM-3JdA=mo,"Bali, Great Bus Service for getting around Bali, I used them all the time before they ceased in January. Very Happy buses are resuming operation. More information should be provided for tourists, on where and how to buy emoney cards for the buses, as no cash is accepted by drivers.",5,3,1.4.6,2025-04-17 17:20:19,,,1.4.6
3c14da5b-6f07-45cf-bbd4-24133e1a837d,Maxy Bryan Rumagit,https://play-lh.googleusercontent.com/a-/ALV-UjVa03BQTRF8ejBjdVNqYB5j6dwx_glmm-fJO3pTZgUsldwz0iLZ,ngebantu banget buat tracking biskita,5,0,1.4.6,2025-04-17 01:22:54,,,1.4.6
6af1fbcb-4182-43b5-85c3-2d0e9936bc28,Adityawan. S.H.,https://play-lh.googleusercontent.com/a-/ALV-UjVMEY34aqSYl-w5XH7TQLL8tcx9hZcBo4gOKTY7VouV8qNoUWI,Very Good maintaint system & up to date.,5,0,,2025-04-15 03:20:59,,,
74b32365-3d96-4159-a5a3-a46fc20b1eff,edmund charles,https://play-lh.googleusercontent.com/a/ACg8ocJTYRHt-uwqIXilrAwv2NpIorIvFBbjeTTNQVWGZKoqzk47xA=mo,mantap,5,0,1.4.6,2025-04-05 11:01:10,,,1.4.6
6078b1a6-9d4e-42ae-989b-a7d87a59c1f9,Hijrah,https://play-lh.googleusercontent.com/a-/ALV-UjVdpA6TYcCN8h_e57I9ziICRkB0IRk6FcpxRDrBWvwDfZcCb63W1A,"untuk Trans Tangerang Ayo, gausah kebanyakan gimmick, supir kalian seenak jidat menentukan operasional dan sering kali mengabaikan penumpang, berkendara ugal-ugalan, dan beberapa diantaranya punya masalah mengendalikan emosi. Dan semua itu sudah berulang kali terjadi ke saya",1,2,1.4.6,2025-04-04 09:26:38,,,1.4.6
3899dfb0-d7a3-4792-9e17-b3d8a0c66072,F4HM1 4UL14,https://play-lh.googleusercontent.com/a-/ALV-UjXfp9cpnmh6MLXhfxKc_CqkpTi-lBw8XS-655BF839wuX_Z9XE,Ok,5,0,1.4.6,2025-03-15 14:04:15,,,1.4.6
41ff76ba-53ea-40e3-beb2-a7159198ae48,Sahru Ardiansyah,https://play-lh.googleusercontent.com/a/ACg8ocIN3XApoSlJmgcDvDhNNGY9DFN1p1y-XHFHqQDdIRAN58hylQ=mo,Bagus,5,0,1.4.6,2025-03-12 01:56:34,,,1.4.6
dcee2bc8-3990-4dff-86ce-252201d358d4,Rio Zulvana,https://play-lh.googleusercontent.com/a/ACg8ocKTQ18L-4CKW4O-TAB4sCm3iQYd_7rfNSaxA7pvtzfY2x04gQ=mo,gokil,5,0,1.4.6,2025-03-12 01:01:56,,,1.4.6
5e023639-21a1-44d8-a6a3-8d62699e17a8,ACHMAD KHUMAEDI,https://play-lh.googleusercontent.com/a/ACg8ocLG9CrO6bAGtwZ9NF2xsERemtTtWo-H5qbHxwz9vGNeNI4MgQ=mo,Sudah tiketnya rebutan Dishubnya jauh Pas mau validasi error tiket ganda Ga bisa cetak tiket padahal kesalahan sistem,2,0,,2025-03-11 07:52:04,,,
aee58c8e-de8d-4c6e-9aa4-2a1398931b66,Azizah Nur,https://play-lh.googleusercontent.com/a-/ALV-UjXIFAIwWSz7pVYEzLu05CQfk9wLjG3HMxi9xmRI7Im6J8Rmpqap,kota asal tidak bisa dipilih,1,0,1.4.6,2025-03-11 06:55:40,,,1.4.6
ce6b4a3f-9be5-419d-a51b-05fceaf88aa2,Danu Aji Prabowo,https://play-lh.googleusercontent.com/a-/ALV-UjVgOFHkeLuhpsA7_cMGrUXFzUYzdaSMTaEZ7DvAylxnCC-8FtKT,keren,5,0,1.4.6,2025-03-10 10:40:04,,,1.4.6
a938989f-6f46-4ee1-a943-680ab2310296,Firman Kbm,https://play-lh.googleusercontent.com/a-/ALV-UjXI5tXm3XnXQd9gTvYmoWMLgJxDTiPpBa9C0jGrVL5nTkSIWX4tMw,"Server error mulu.. Giliran udah dpt kursi dan status masih banyak yg kosong, saat di klik tiba2 sudah full .. Yasalamm",3,0,,2025-03-10 09:50:28,,,
3aebacb4-9d52-4364-8df5-b43590a77b50,baweng uyee,https://play-lh.googleusercontent.com/a-/ALV-UjXPbfVruQS6GYRFkqpesTidEslRobUPVpCJp1RyHIVzUc-KIsWz,"Aplikasinya susah,,,conect failed terus....",1,1,1.4.6,2025-03-10 09:09:34,,,1.4.6
2d04a540-182e-453f-a579-c7c10dc69147,Lindawati Karta Jodjaja,https://play-lh.googleusercontent.com/a/ACg8ocIPFGF4xJjcV2m-B3bONEXtq3U2HwuICN0SVapwdH9P93wW6g=mo,not function,1,0,1.4.6,2025-03-10 07:53:07,,,1.4.6
32f83ff0-107e-4295-a038-d508e27b3580,Lucky Purnama,https://play-lh.googleusercontent.com/a-/ALV-UjUKCSiMBzHkmlK3soYktgomAxGG5lZtALNDC8s3jwSRHGUsQY33,Naise,5,0,1.4.6,2025-03-10 03:14:12,,,1.4.6
e13983a0-a93c-4545-bd4f-e3b1e61d4224,Nanda Amira,https://play-lh.googleusercontent.com/a-/ALV-UjWdPfzl189lvDF_Z4kgoi48ce-FVAPuuPE1FTTTodRB6UafCHJVIw,"sangat membantu. petanya jelas, ga kayak app gobis :] live tracking nya juga oke.",5,0,1.4.6,2025-03-09 08:38:48,,,1.4.6
9ffbd295-d96e-45ff-ae6e-85d1a09ef652,Herdin Muryanto,https://play-lh.googleusercontent.com/a-/ALV-UjUkR9gq52fIx4eGyr352gte6xx2XBMUy2LwdLxnsSgPQkty3GJT,Gak bisa login,1,0,1.4.6,2025-03-09 01:51:23,,,1.4.6
802d84c9-a83f-45f8-b9ec-c26d0c7c12b1,hendry doang,https://play-lh.googleusercontent.com/a-/ALV-UjX0OLHXiDwosCp7dngjdsNGYmpBKgzpLRyiubafovVggLnqECkH,bahasa aplikasi nya gak bisa dubah dari bahasa inggris ke bahasa Indonesia kocakk,1,0,1.4.6,2025-03-09 01:47:34,,,1.4.6
c4e71f51-928c-4276-8e98-6055693b5e2f,Dedi Suryono,https://play-lh.googleusercontent.com/a/ACg8ocLI0igcScYbOaZrqPaNXEbSAgR3ozE-7u4Hbn_NEmNXeH7rnQ=mo,applications that are quite helpful about public transportation,5,0,1.4.6,2025-03-08 04:15:44,,,1.4.6
555d6276-6a0c-4de5-bc54-df29169113e8,Widagdo Forever,https://play-lh.googleusercontent.com/a/ACg8ocLlkvzIDojR-pp74oTCyA-AGi4JLKcVKAlg3fp-mzQEw1TVqQ=mo,"Aplikasi Error tidak bisa sign in, aplikasi gak jelas",1,0,1.4.6,2025-03-06 18:50:33,,,1.4.6
01a5dd4b-eaaf-4dd8-b93b-57fd8691ee89,Budi Winarno,https://play-lh.googleusercontent.com/a-/ALV-UjXZ0VownBVd79tHFY_lVrah5ZgvPawiMtrW2LGLU23OFvgF6jJfsg,mudah dan lengkap,4,0,1.4.6,2025-03-05 20:24:16,,,1.4.6
304ff245-bd33-412e-843c-5b985743e30b,Judithya Dwimanda,https://play-lh.googleusercontent.com/a-/ALV-UjUgvOncPnCr6AwvhRMsJN-MPoZskX2eoylQQRNwTOhfIez7hGuj-w,"Kasih job aplikasi transjakarta ke developer ini deh. Tumben banget, aplikasi pemerintah ada yang bagus kayak ini",5,0,1.4.6,2025-03-05 05:26:39,,,1.4.6
c0e730f9-48d6-456f-8696-45fc493cbf71,Mr. Irawan,https://play-lh.googleusercontent.com/a-/ALV-UjWOuDu9sycAAq2IHfKA0bA-1l7FWvcjRzSY_rg6rTM_fCsbB9ev,good,5,0,1.4.6,2025-02-26 07:11:30,,,1.4.6
4c6b73ea-a8d8-4b53-abaa-335bc6f1bc02,Agus Setiawan,https://play-lh.googleusercontent.com/a/ACg8ocKnKQpQkHvwXNzB-4AIh8S0l6gEtIH1bNEPUr_tVGrSmUrqxg=mo,Dulu sangat membantu utk posisi bis AKAP/AKDP bisa dipantau realtime.ahir¬≤ ini malah posisi bis gak gerak sama sekali.statis. padahal sangat membantu ketika mau naik bis umum.gak nunggu kelamaan di pinggir jalan,3,0,1.4.6,2025-02-20 11:15:25,,,1.4.6
c4d0e6d6-17fd-44f2-a22c-9d6d3ab680c7,Hastari Utama,https://play-lh.googleusercontent.com/a-/ALV-UjVqs_IhUR_K44e8ugWXm-D2isHb-ZXlFEufNAjzZBMXWOgk9CE,"Pada tombol Select Route, loading jalusnya masih lambat. Keknya bukan fi server, lebih ke manajemen memori di appsnya",2,0,1.4.6,2025-02-13 08:16:51,"Hai kak, mohon maaf atas ketidaknyamanannya. Kami baru melakukan optimasi server, sekarang layanan kembali normal yah. Thanks",2025-02-13 08:08:08,1.4.6
83a04146-a6d7-4cf3-bbf3-2ffaa98ddaf2,G. Putut PU,https://play-lh.googleusercontent.com/a-/ALV-UjVnCU3_0v8O-BkAf-hKzgEjqE5lFsiashlnb9SNOhkDlqmaMYP-Ug,Jogja tidak muncul (Trans Jogja). Solo muncul. Sippp.,5,0,,2025-02-12 22:50:26,,,
deb65c0b-08ad-4fa8-95b8-0d5cf6a22763,Malvin Ranggapriadi,https://play-lh.googleusercontent.com/a-/ALV-UjW0i_YyThmuFo3hITX2LQR2TfDAvfyuTR1XybQDVAilxsNP-0n1wg,"Inaccurate bus stop location, I miss my bus cuz also this God damn ""pemkot"" Bandung ga ngasih signage sama sekali. Misleading. Mengecewakan.",1,1,1.4.4,2025-01-27 09:41:13,,,1.4.4
97340907-e65c-44ad-9540-4e48cc93761e,Siti Syurifah,https://play-lh.googleusercontent.com/a-/ALV-UjXLxUHAQoOsqRJJG4aCTaH2LC8X8wQqZ_IIJ-AEZVK7WBsmFOai,"masih ada ruang untuk improvement agar bisa lebih baik, tapi sejauh ini untuk tracking bus bekerja sangat baik dan membantu",4,0,1.4.4,2025-01-18 13:22:35,,,1.4.4
3806e507-fdf8-4d56-aea4-b2389afecb4b,Johanes Wijaya,https://play-lh.googleusercontent.com/a/ACg8ocJbK-sbTZwForici0koHUVPWlfH_fWvcUWzEF4eHJEGunKFg0k=mo,Sangat membantu Tolong diperbaharui letak halte yg sdh tidak dipakai tolong dihapus... Bikinsalah tempat nunggu bus,5,0,,2025-01-14 23:45:59,,,
6b103530-6d94-4b55-8320-582fcced011b,Andreas Billy,https://play-lh.googleusercontent.com/a/ACg8ocILcQLf9v24YNl9vvejulukH6ry-KSLm0kaW0UoCyfD0eHQeQ=mo,Cool app with real-time bus traffic movement.,5,0,1.4.4,2025-01-14 02:20:23,,,1.4.4
4baeb6e2-bc8e-4de8-be4e-d1efc408172d,AaEkoS,https://play-lh.googleusercontent.com/a-/ALV-UjW8il0jSl3S_ToZpfCn5wUTgdwLofmJWZnEYPee34wrN2Cgtws,Tambahkan Trans Wibawa Mukti...,4,0,1.4.4,2025-01-13 00:31:43,,,1.4.4
423511a0-6267-458d-93b8-e5149e750caf,Mayla Aura Marsanda,https://play-lh.googleusercontent.com/a-/ALV-UjVnXRDy2I0VjFLb1xgQR5o1Yd93JkcM41IVi1k7cmJPwFyLGcM,"tolong dong aplikasinya di benerin lagi, perkara gr gr ada beberapa route yang kepemilikannya jadi daerah jadinya error sampe sekarang ni apk jadi ngerugiin bener tau jadi gak tau kapan bisnya dateng üôÑ",1,0,,2025-01-12 14:21:37,,,
b9ee2ab8-c9fc-442d-a19d-cc10ea643670,LINTAN FIRDAUZAH,https://play-lh.googleusercontent.com/a-/ALV-UjUVB2Rq1rvBsJs7C3FuySL9KTcJ-PxAcD8zNJQqzvKTGnTwrLKY,Sangat membantu saya pulang pergi selama posko di stasiun bandung hehe,5,0,1.4.4,2025-01-06 16:01:41,,,1.4.4
0954d093-58af-4c6a-8fef-80072d0a6be1,Rizaldi Satya Widyatama,https://play-lh.googleusercontent.com/a-/ALV-UjXyda4rjbi6yYA4YPmOgEHZD14LQpZYP7yIaAoQFfZ0xwmc4_C9dQ,Ga ada iklan !!!üëçüëçüëç,5,0,1.4.4,2025-01-05 05:49:45,,,1.4.4
e1f44f03-bc01-4f78-903c-711ab037506b,bagoeswibowo,https://play-lh.googleusercontent.com/a-/ALV-UjWrfuIEV2q0wWrg4CYtiiWyBnNFc1uDTQMCsNqmAQrCR0yzJOcH,DIPERBANYAK ARMADANYA KHUSUS DI HARJAMUKTI HARUS ADA PANGKALAN BIAR TIDAK LAMA MENUNGGU YANG TERJEBAK DI CISALAK,5,0,1.4.4,2025-01-02 09:54:13,,,1.4.4
d77db0cf-1ec5-41a5-85b2-10c1f0557494,OnyxDread,https://play-lh.googleusercontent.com/a-/ALV-UjXlfzXkwbu3FRNy8DFaTgvnIIoRqpK_Wab0kfhDDZn0gI-wJhs,Sedih liat Trans Metro Dewata berhenti,5,0,1.4.4,2025-01-02 03:07:31,,,1.4.4
4ec8017d-a7b9-4038-b9f9-1396233820c8,feery SePtyandy,https://play-lh.googleusercontent.com/a-/ALV-UjUFmOpvzUl-vsvJiUG0oYiwGMmpyE25q5_s_TD4Q4p4EphiaHM,"Aplikasi yg bagus, apalagi fitur per titik dari bus dari masing-masing rute, memudahkan untuk menghitung estimasi waktu, mohon untuk menambahkan beberapa pemberhentian baru untuk kota bandung seperti perempatan kopo atau rsud bandung kiwari, trima kasih",5,0,1.3.9,2025-01-01 12:39:21,,,1.3.9
1a498701-f8f8-4ab9-938a-842999ce4432,semusim,https://play-lh.googleusercontent.com/a/ACg8ocKRIDSR57tNZ0kbgX20Ye9M3IwmK3GrioP2hGqcXEjdZLj8GQ=mo,very helpful app,5,1,1.4.4,2024-12-30 02:14:31,,,1.4.4
07b7b1ce-d502-4f56-a2c0-7e83e62f4557,desiayu87,https://play-lh.googleusercontent.com/a-/ALV-UjWX-YAzAGBvBXQvnA4nH8lTdR9oCPO1xE-SKxjkKfBeIPl3Hns,penunjuk keberadaan bus secara langsung sangat membantu. semoga semakin akurat lagi. terima kasih.,5,0,1.4.4,2024-12-19 12:51:34,,,1.4.4
29867370-6e56-4455-9ffa-6cb81a43cf6c,Dotred Carpet,https://play-lh.googleusercontent.com/a/ACg8ocKptFS_9yfZFDyBiDF_Q6YBY8yclzYE6F9Y1VWUqZekE1bdLQ=mo,good apps,5,0,1.3.9,2024-12-10 11:48:46,,,1.3.9
7cbe15ea-fa15-4589-8835-38795fe524af,Anita Amonito,https://play-lh.googleusercontent.com/a-/ALV-UjUkU9kelnVA9OzbtNB3tETEOuiDgeb2N8PeeQG7ZxP8-iXPKq8,Di tunggu update rute trans wibawa mukti,4,0,1.4.3,2024-12-10 01:43:55,,,1.4.3
a6190457-a35c-4294-a336-fa26cde9457a,Dwi Prasetyo Minarto,https://play-lh.googleusercontent.com/a/ACg8ocIzhqy8cqKQa9tpNsVW0fy2O2yX3fA6-BxIxC0CsA5Cp6uPAzQ=mo,"keren ini, terobosan luar biasa utk transportasi di Indonesia",5,0,1.4.3,2024-12-08 00:44:07,,,1.4.3
1f0c6f57-b718-4f5d-98d1-d01e2352ce75,Angelina kusniadi,https://play-lh.googleusercontent.com/a-/ALV-UjXx9RSbxAuV5cH7PK5BYWCq7JrMJGPOSRNyDrmIn4S5Y-1QHvEC,"Busnya ngak sesuai jadwal, katanya jam oprasional hingga kam 9 malam tapi jam 7 malam aja mereka udah banyak yang gak beroprasional.",1,0,1.4.3,2024-12-03 11:32:43,,,1.4.3
b5f71d4e-fb24-403f-9a16-2a1857d2b4e5,Rizki Setio Irelzanov,https://play-lh.googleusercontent.com/a-/ALV-UjVzoeR_SVCcNatwV3ec-fgRUCmtgPA5wIgw4TquUW0W7Zde06k,bagus,5,0,1.4.3,2024-12-02 10:42:49,,,1.4.3
8883e213-3158-498d-bd26-1331e7ffbee1,Prasetyanto Wibowo,https://play-lh.googleusercontent.com/a-/ALV-UjXBhwHKNzvrlKumiMd2zWt6AueM8wJiLgzbpJYQ5_ckIfqh7zY,"Tidak bs dibuka, sdh uninstall, install ulang tetap tdk bs dibuka Untuk mitra dewata, pengemudi koq tdk ramah Cara mengemudi jg tdk smooth..",1,0,1.4.3,2024-11-20 04:46:12,,,1.4.3
a567e69e-2a0c-43cc-97f7-2e64469e2a0a,Mous Taf,https://play-lh.googleusercontent.com/a-/ALV-UjURQBPU_S3LkS92Pwp2BYdMVjQf-O8XyHD8JfVNF0PR0CoAEkUt,"Salah satu aplikasi pemerintah yg ada manfaatnya, ribuan aplikasi lainnya mending contoh ini, atau uangnya kasih ke Mitra Darat biar makin berkembang Usul kalau bisa halaman profil dilengkapi dengan menu edit. Jadi bisa memberikan identitas riil bagi pengguna dan database bagi provider Semoga terus bertahan menebar kebermanfaatan",5,0,1.4.3,2024-11-20 04:12:40,,,1.4.3
85675cfd-fda7-426a-8366-deb80afc92c6,Eli Kurniawati,https://play-lh.googleusercontent.com/a-/ALV-UjWr8_qf1yYlnlsHSatxW_wTyDrWhenDQepnBFjOHWqBw4AA_dY,ok,4,0,1.4.3,2024-11-17 23:27:37,,,1.4.3
4d7d5249-eaac-432b-9fbb-bd3d45aae527,rundown any,https://play-lh.googleusercontent.com/a/ACg8ocJAmhLRcc3VQ59LjIspVLsJdaQ1CuAnX6XNfvDMK0eCAwDa=mo,andai dibuatkan juga jadwal keberangkatan atau perkiraan tiba dr setiap bus,5,0,1.4.3,2024-11-07 22:31:53,,,1.4.3
c28d1be8-f9f6-42e2-a67a-8af9d6eb6dab,Widhiyo Siswanto,https://play-lh.googleusercontent.com/a-/ALV-UjXKW1H_DvVafmXLzVVh3xTh-7_opUjA3OsGObskE9n-ZgRfIVam,Good to monitor,5,0,1.3.5,2024-11-07 13:56:19,,,1.3.5
882d016f-336c-4c46-a717-7dfdb884eaed,Bintang JHS,https://play-lh.googleusercontent.com/a-/ALV-UjUKvNrjaOSDM7xXeJb179iSnS0kBlbKpZ0ofJ-ODYCtTt6f4fc0,Tolong bus stop Trans Pakuan di-update,4,1,1.4.2,2024-11-03 16:03:18,,,1.4.2
9715d8f1-0a86-4315-b175-8ee365bf54cc,Muhammad Arip,https://play-lh.googleusercontent.com/a-/ALV-UjV_-Id1VIEincGEYvIK7EUXEuEXF6S7_JDJSZqW1t45Hkuaod3_,"Setelah update 10-10-2024, jadi terasa lemot.. Masa gak punya team QC di luar..",2,0,1.4.2,2024-11-03 10:10:37,,,1.4.2
26a4ac34-79a7-47cb-952a-bb4b9de38cac,Fransiska Fernanda,https://play-lh.googleusercontent.com/a-/ALV-UjU5T3A7EGQg07JPDYDmk7ibV0MI65ke76Ept5FAPstK9L6hDjSV,"App-nya udah bagus, banyak banget membantu saya mengetahui keberadaan tmp. Ini banyak banget membantu saya untuk memperkirakan kapan saya harus berangkat berdasarkan posisi tmo. Cmn kadang-kadang ada bbrp bus yang gak ke detect di appnya. Dimana hal itu menyusahkan pengguna untuk mengetahui keberadaan bus yang sudah kelewat. Terutama untuk tmp koridor 4, cukup lama untuk menunggu damri yang lewat bahkan pernah lebih dari 30 menit",4,0,,2024-11-03 04:26:20,,,
85c5bfc0-a14f-487c-8b3b-15695e55c5a5,Sunflow,https://play-lh.googleusercontent.com/a-/ALV-UjUev_L-kTf8uVW9wpzogS8HsjtOtwQ3otH0vdPOteJacqI7Yd3j,"Keseringan error, tiap jumat pasti error bangke",1,0,1.4.2,2024-11-01 00:02:55,,,1.4.2
3743156e-a66a-4e47-a8ef-9c333dc4072f,Firdatus Sholuhah,https://play-lh.googleusercontent.com/a-/ALV-UjVc7qtqwcE8xvOKwKTGNKz1eNLS4tDbCI7o6XtFMRuV7lQ7cLjN2Q,I love this app. Helpfully ü•∞,5,1,1.3.9,2024-10-25 15:34:38,,,1.3.9
92d1fbf9-8d65-4996-a112-9eebd8744e9b,mir dudut,https://play-lh.googleusercontent.com/a-/ALV-UjW8g7VS6biqqVB33i97sYG5EukCfY1q_p2sZMBzd81RT0lc3Qu_,"Usefull...sangat membantu, sayang nya di pakembang masih kurang sosialisasi... ayo perbanyak leaflet dan bagikan ke perumahan/ komunitas/ sekolah / perkantoran yg di lewati feeder bus pada tiap tiap koridor.. alhamdulillah setelah tahu jadi semakin banyak yg memakai... sejuk, praktis, nyaman dan ekonomis",5,0,1.4.2,2024-10-24 06:03:26,,,1.4.2
7b6de256-4ab0-426c-bbdc-32d10ea199b7,Kevin,https://play-lh.googleusercontent.com/a-/ALV-UjVHJXR8GXA_tnPkA06IPGz3ut14-mXcPfkfxpTxfKRaaz8QFlA,Setiap jam 8 pagi gps bus mati. Bus tidak jalan dan tidak bisa ditrack,1,0,1.4.2,2024-10-22 01:07:05,,,1.4.2
2833f2a8-df4d-4823-a94b-d0622ea5fbeb,kartika,https://play-lh.googleusercontent.com/a/ACg8ocJEPUgvb_nFL44dfjX_CMzHkXqcDZDXEDUc9VATF_MDpru2Kng=mo,Sangat membantu saat tracking bus Trans Metro Dewata.,5,0,1.4.2,2024-10-18 05:40:26,,,1.4.2
df7606ef-910d-48ea-9b6e-8719e696c2d3,Sandra Saputra,https://play-lh.googleusercontent.com/a-/ALV-UjXswToJVkLAoYCC39I5pLxaYdddUPLe_ckvU0xSI_oeDrjH9yQ,Sudah ber hari ber kali login dg google cuma muter2 doang salah dimana ya ? jadi saya uninstal saja drpd lelah jiwa,1,0,,2024-10-15 23:19:26,,,
5b647833-e149-4f2a-bf6d-5f5790c99ab9,Nanda Alfian,https://play-lh.googleusercontent.com/a-/ALV-UjUlbUEHdupVN77l9W0ZpnX5KyZAnrZUM6hR5xgP4ge0h-DtI8f4,"Keren, live loc buat masing2 bus",5,1,1.4.2,2024-10-13 22:19:31,,,1.4.2
e225efa8-b809-4fde-8fca-0445bef9bdbd,Iqbal Edrizal,https://play-lh.googleusercontent.com/a/ACg8ocIR-Z7zIWZynhNLrdsGOcBteAVaueq-EG4McmM4fFGQPlV5fw=mo,Sumatera barat belum masuk,1,1,1.4.2,2024-10-11 05:27:02,,,1.4.2
84d9ceca-d49b-4ecd-ab0a-4c58113619e6,Irfan wan Nendra,https://play-lh.googleusercontent.com/a/ACg8ocLJ41mWtSniwbB5_Fx2JVgJ4utrLMPmOA0t9YpLo-xCwwbkyg=mo,"Ini aplikasi bagus, tapi kenapa pemerintah ga ada kampanyenya? Ini sangat membantu loh bagi traveler!!! Bikin iklan sponsor donk kek di IG ato Tiktok kan dana Banyak masak ga sanggup. Tambahain transjakarta sama trans dewata bali donk.",5,1,1.4.1,2024-10-03 13:39:44,,,1.4.1
053b8a67-1fb8-4d8f-9e0b-d18f93af8cfe,George Anderson,https://play-lh.googleusercontent.com/a-/ALV-UjWipw4LKhbaw1_Cu3nWHUqDszr5piOwDYXMOSYFWJmTWk1Cm7Vq,I find the app a bit complicated it could be a lot more user friendly thank you,2,0,1.4.1,2024-10-03 05:19:37,,,1.4.1
7ea3e912-93cc-4ce1-9325-df1e545d5ce6,Dewa Odhey,https://play-lh.googleusercontent.com/a-/ALV-UjXP3pWLByOWOq4i7gn7GQRX40upsuSZrnLjTkkR4hoqcJRJXVCcpQ,bagus sangat membantu,5,0,,2024-09-30 10:00:24,,,
b835a0fe-2311-49f4-99b8-0c0c16d9cbb8,Sayyidul Kahfi,https://play-lh.googleusercontent.com/a-/ALV-UjUGmbswWnTGs7CVHGq7ZpKcq2vZPcW0unxKvrVlG40X3e3Wku_w,"Bus Lama Nunggunya, Perlu Pelauyanan Ditingkatkan lagi",1,0,1.4.1,2024-09-28 07:18:54,,,1.4.1
79831bba-f380-46c9-bcac-68fb9a40f8c6,dwiari setyomukti,https://play-lh.googleusercontent.com/a-/ALV-UjX6Eo5FFgjWacnr5dyp816h8p5WX8aqvLGa9JGhb2ZVV7kPb8e4,"Bagus aplikasi nya bisa live track Biskita depok, smg armada nya diperbanyak. Sangat membantu mobilisasi selama di depok",5,0,1.4.1,2024-09-28 00:25:51,,,1.4.1
83975bc1-c310-4979-b005-e29c36211571,Victor Alexander Mendrofa,https://play-lh.googleusercontent.com/a-/ALV-UjVBTD-vQsnTPYr9l2jbvVESlrCb4DjkQRvBz7qOsO66hxLd2QIK,Tolong di buatkan halte untuk naik turun di seberang RS elisabet/Sekolah marsudiri bekasi tujuan Vida bekasi agar anak2 sekolah/pasien bisa naik dari sana. Bis kita bagus dan memudahkan masyarakat. terima kasih,3,0,1.4.1,2024-09-26 22:40:07,,,1.4.1
c04a789a-6d2f-404f-ad86-1a9a2ae37ab4,Alam Saputra,https://play-lh.googleusercontent.com/a-/ALV-UjU3YgMqqYy2Gb97kQUpax3Pzl1qzPqVpx0NKxH_htYzlwyxNunf,SAYA MAU CERITA SEDIKIT TERKAIT PENGALAMAN SAYA MENGGUNAKAN TRANSPORTASI BISKITA. JADI SAYA MENUNGGU DI SALAH SATU HALTE NAMUN TIAP KALI BUS MELEWATI HALTE ITU TIDAK ADA SATUPUN BUS YANG BERHENTI DI HALTE TEMPAT SAYA MENUNGGU BUS TERSEBUT PADAHAL SUDAH SESUAI TITIK SAYA MENUNGGU DAN BENAR HALTE TERSEBUT SESUAI DENGAN PETA RUTE BUS YANG ADA DI APLIKASI INI DAN YANG PALING MENJENGKELKAN ADALAH SUDAH 3 BUS YANG LEWATI HALTE TERSEBUT DAN SAYA SUDAH MENUNGGU LEBIH DARI 30 MENIT!!!!!!!!!!!!!!,1,0,1.3.9,2024-09-03 05:46:31,,,1.3.9
2b74eb25-b7ec-4029-8e96-6d5cbb807496,Farradila Fitriana,https://play-lh.googleusercontent.com/a-/ALV-UjU5CPHJnHgNhFIAYSMltZN4unepOfmT7zWGsxBv6MUeK-PtQbqJ,"maaf mohon bantuannya, kok sudah dua kali apply untuk tarif pelajar daerah bandung (hingga pakai dua email) nggak bisa bisa tap in tarif pelajar ya?? menurut saya ada baiknya jika di aplikasi ini bisa top up saldo dan scan untuk tap in saat naik bus. sedikit kecewa :,)",2,0,1.3.9,2024-09-01 05:13:59,,,1.3.9
3ff5c845-c01f-412c-9aed-6cca1316c4ef,Teddie Hoyt,https://play-lh.googleusercontent.com/a-/ALV-UjXMqIB6l1GjweIKH2YmhukrBZr0mG9B17QjDBElqhoYrx9DORDg-w,OK.,5,0,1.3.9,2024-08-31 08:33:09,,,1.3.9
4d0e26f0-eccb-477c-bd71-adb9e35de597,Lissa Indriawati,https://play-lh.googleusercontent.com/a/ACg8ocKVtdYZuoSFsqt7kjFr9HQNvdTGtPu_BTzvvVJn3HVyXC9PPQ=mo,"Ini saya minggu lalu naik bis lalu dilarang minum air mineral.padahal biasanya boleh.memang ada larangan makan dan minum.tapi harusnya khusus air putih mineral boleh selain itu tidak boleh .contoh pas kemarin syukur saya tidak jalan kaki.biasanya saya jalan 40 menit lalu naik bis.kl dilarang minum airputih lalu terjadi apa apa jdnya ya ndak enak.minta tolong harusnya sperti di mall mall lain misal ada larangan minum, selain air putih lainnya tidak aoa apa.oke ini ajamau info.",3,0,1.3.9,2024-08-28 00:15:47,,,1.3.9
2cebe405-6b7a-4248-8df9-5548e91526c0,Muhammad Adnan Surya,https://play-lh.googleusercontent.com/a-/ALV-UjXIBN_5lcRI9pv_0ZXZYymPYtd69yv5zH2QcljfbrmXmYjlxxhf,"aplikasinya lengkap Dan responsive, tidak riber lagi mau naik bus se Indonesia cukup 1 apps. good job üëç",5,0,1.3.9,2024-08-23 04:56:22,,,1.3.9
73d575e5-d6fe-4a5e-9df5-bba7da386ff9,Ervanna Dezentje,https://play-lh.googleusercontent.com/a-/ALV-UjUKfogOaP8RP10MrboGsUES-_VFcUQaHErrRt9jPWBXqFQ7NafK,aplikasinya jelek dan sampah. posisi bus dan waktu sangat amat tidak akurat. tutup ajah lah aplikasi sampah ini.,1,2,1.3.9,2024-08-22 14:07:22,"Hai kak, mohon maaf atas ketidaknyamanannya. Bisa informasikan lebih detail apa yang dialami?, supaya kami bisa membantumu. Thanks",2024-08-26 04:59:55,1.3.9
46217351-a319-48c1-bd51-6c5947a11883,SLAMET WARSITO,https://play-lh.googleusercontent.com/a-/ALV-UjXB4R0DrmIm4QCeHjAvTJHGgGnIlsgECD_toA02hhaN_nlqj5U,good,5,0,1.3.8,2024-08-09 07:51:40,,,1.3.8
ec811278-b125-4531-9696-a8388bc96038,MN PA,https://play-lh.googleusercontent.com/a/ACg8ocL2NqKIqtH6-42dSc2z-eq2Wu261rAvWHHTPy91ZTRz6g6dcQ=mo,"Useless app. If you want to pay the fare on Bali local bus system, then what's the purpose of the app, to track your steps and spy you? Not recommended. Uninstall.",1,4,1.3.8,2024-08-05 06:49:10,,,1.3.8
c7673cfd-ea2d-4415-9bfb-97c41f4de60f,Anie Maryanii,https://play-lh.googleusercontent.com/a-/ALV-UjU0v8tANsnrj5ANA3Z-krrBQH4hIz_dN4TVWMB_lIug8ys_4mdR,Sekarang live tracking nya ga seakurat sebelum update üò¢,2,0,1.3.8,2024-08-02 23:10:26,"Hai kak, mohon maaf atas ketidaknyamanannya. Jika belum update aplikasi bisa update ke versi terbaru. Thanks",2024-08-26 05:04:49,1.3.8
7dc7a0aa-81e5-4513-8fa6-260f930213b9,Tri Angga,https://play-lh.googleusercontent.com/a/ACg8ocIJIM9nCSjhrCSG3QlHyls2OKqvkioSd040Ca7VVIVuJfOcag=mo,"Kadang error, marker bus gerak tidak sesuai",3,2,1.3.8,2024-08-02 09:54:28,"Hai kak, mohon maaf atas ketidaknyamanannya. Jika belum update aplikasi bisa update ke versi terbaru. Thanks",2024-08-26 05:04:54,1.3.8
730e055a-5659-4d1e-9dc6-90bd08ccf8a8,Elf Y,https://play-lh.googleusercontent.com/a-/ALV-UjW-W6dXfGAdCwZVdWgpNyNygevy1ULlh8oKm2yxHKrfEACFvuKc,Tracking bus hank. Jd telat berangkat -_-,2,0,1.3.8,2024-08-02 01:32:33,"Hai kak, mohon maaf atas ketidaknyamanannya. Jika belum update aplikasi bisa update ke versi terbaru. Thanks",2024-08-26 05:05:04,1.3.8
59ed9d01-230f-4560-9f34-eb55e0f5e98b,Luis Halim,https://play-lh.googleusercontent.com/a-/ALV-UjUkpn-olm_HLNTrKyX5QcEQv8U5uepEx2U1mzHTwK2dpJyUq-o,"Bagus untuk ngetrack bus. Tapi kadang telat ngetracknya (bus udah datang tapi di aplikasi masih jauh), kadang busnya engga bisa ditrack (freeze semua)",3,0,1.3.8,2024-08-02 00:46:51,"Hai kak, mohon maaf atas ketidaknyamanannya. Jika belum update aplikasi bisa update ke versi terbaru. Thanks",2024-08-26 05:05:14,1.3.8
109c703c-8e4c-4f71-a3e3-b9ae276d7f65,Ferti Ammsah,https://play-lh.googleusercontent.com/a/ACg8ocI2NdGCIAFkcadh5uNfSBugcpL4f7yN6Hs-PbsrJxP-b4DB7g=mo,kenapa si sekarang ngelag? bus nya Masi disini eh tiba tiba udah lewat aja ga sesuai titik di apk nya,3,0,1.3.8,2024-08-02 00:36:42,"Hai kak, mohon maaf atas ketidaknyamanannya. Jika belum update aplikasi bisa update ke versi terbaru. Thanks",2024-08-26 05:05:27,1.3.8
5645586f-32ea-4dd9-9ff0-ae275c992e4a,Rizky Riyadi Hidayat,https://play-lh.googleusercontent.com/a-/ALV-UjVx0L7YMctOgQdEHicTr6tPACXEQkhSCN3-SjQgscrSfX2sBcC6,Untuk Bis depok siang banget jingan. Apa pemerintah segitu malesnya nyapin jadwal pagi... Untuk ke arah stasiun depok barunya?,1,0,,2024-07-30 22:11:12,,,
f3aade64-93e5-4216-9671-c87afd3652f6,Indah Velayani,https://play-lh.googleusercontent.com/a-/ALV-UjV6sSKQECKNIwwN2Bea-7LPCnUk2bSKueA4BWeQbEpNTT_zw3xb,"Bagus dan stabil, lanjutkan üëç",5,0,1.3.8,2024-07-30 12:33:08,,,1.3.8
d951fb11-b040-4555-8920-cf4add7a787d,Asri R,https://play-lh.googleusercontent.com/a-/ALV-UjVJTx92cNMXlnpLdfNwHan_a_0tlWpBG8gZFkd7ZibJmIbNGew,Aplikasi eror sejak minggu lalu untuk wilayah Makassar. Busnya melayang-layang dari satu titik ke titik lain. Tolong diperbaiki. Konsumen kesulitan mengetahui lokasi real dari bus.,2,0,1.3.8,2024-07-30 09:20:57,"Hai kak, mohon maaf atas ketidaknyamanannya. Jika belum update aplikasi bisa update ke versi terbaru. Thanks",2024-08-26 05:06:02,1.3.8
e49c093d-b39f-4849-ab70-ad418198519b,Dwi Sispa,https://play-lh.googleusercontent.com/a-/ALV-UjUNrif2BdRrstpsIgTeRyN3lLYdHYnrxGFlxLOVc_y8SlhdyfA5,"Setiap kali masuk bakal muncul layar buat hidupin notifikasi, bikin lama mau masuk menu utama. Nggak semua juga perlu hidupin notif. Over all aplikasinya bagus dan lebih stabil dibanding teman bus. Kenapa sekarang posisi bus nya nggak update ya? Suka loncat2 gitu (29.07.2004)",5,0,1.3.8,2024-07-30 00:05:56,,,1.3.8
b04f78cd-b9c0-4c8c-8bcb-241089c545ec,Khalil Bramantyo,https://play-lh.googleusercontent.com/a-/ALV-UjWLBAHuj6RPMOaP5tuzUXKXfVvlzkpXvsnZ2cFIYsGuhk-ai5lv,Mantaps,5,0,1.3.8,2024-07-26 10:29:30,,,1.3.8
e1777594-1daf-4dba-9dff-c102eb597124,Tria Silvany,https://play-lh.googleusercontent.com/a-/ALV-UjWEAy43-5PClIaIRds2NqAdKK8FXN7CGG0ThjsnvVm3wdPEIS26,Bermanfaat sekalii. Trimakasih mitra darat,5,0,1.3.7,2024-07-21 02:22:22,,,1.3.7
4c23f9fd-638c-4c2e-9d16-f9ff6c3f8c8b,DumDum,https://play-lh.googleusercontent.com/a-/ALV-UjWE8csEj3ahgchR1fZX2Fh2q9yiqypra4E2j8PrHl-_K_B0vjU-,Membantu sekali untuk live tracking lokasi bis üëçüèª,5,0,,2024-07-21 01:36:28,,,
483d3031-8aa8-4d43-b8e3-83104988c8b7,ZeroThe Enforcer,https://play-lh.googleusercontent.com/a-/ALV-UjV2iXoiprfvMuQk4fXW2SQNOQwOJLXvc6QuSELP8ZEaTcSyeF0,"Kenapa applikasiny error? Bus ny tidak jalan¬≤ dri lokasimya. Dan pas mau cek di halte, tertulis koneksi terputus, padahal pakai wi fi dan applikasi lancar sangat.",1,1,1.3.8,2024-07-16 10:41:29,"Hai kak, mohon maaf atas ketidaknyamanannya. Jika belum update aplikasi bisa update ke versi terbaru. Thanks",2024-08-26 05:06:53,1.3.8
2923241a-ffa2-4009-9ed6-9373ba44789b,yulius ap,https://play-lh.googleusercontent.com/a/ACg8ocKqJa7kRs3LjevlOVfhbDfGR7WuQe7Dkt1rsjkHSZVx__Ep9w=mo,Fitur tracking bus sangat membantu. Tolong bs ditambahkan tracking bus damri juga. Smoga bisa makin berkembang,5,0,1.3.7,2024-07-13 06:02:14,,,1.3.7
e3ae0e60-3e63-4be4-8ba8-7b8ef68b405f,Hansen Wibowo,https://play-lh.googleusercontent.com/a-/ALV-UjX3h6Sd0Ol2pWvrGBYSOkX9C5jpQmYne5dZOC7CAH7izMJZ_8G4,"Aplikasinya sudah bagus, tahu aplikasi ini dari Supir ""Temen Bus"" Tapi Tolong ditambahin fitur ngelihat harga bus. Terutama untuk KSPN BPTD Kelas II Jawa Timur Rute Purabaya- Pasuruan- Sukapura. Belum pernah naik bus tipe ini, tapi saya hanya punya pilihan ini nantinya, karena tiket kereta api penuhü•≤",4,0,1.3.7,2024-07-13 03:39:41,,,1.3.7
43a562e7-bbe0-45a4-9dcb-08e4965aede1,tulip 531a,https://play-lh.googleusercontent.com/a/ACg8ocLGzcC_7xpy7uoOWzGvRl4_Sk5JnV0DU5gCVlmynb9pDrwbQA=mo,Transmamminasata error,1,0,1.3.7,2024-07-12 09:12:06,"Hai kak, mohon maaf atas ketidaknyamanannya. Jika belum update aplikasi bisa update ke versi terbaru. Thanks",2024-08-26 05:07:54,1.3.7
b9c1e0a5-b65c-4588-9828-67ad4422db6f,Krista D.,https://play-lh.googleusercontent.com/a-/ALV-UjVrNkInhCaL36w17gwFi3jwz7QgyObf0RUSEARD0q7hk5znsp9F,"Baru jam 8 lewat bis dari Sumarecon Bekasi ke Vida sudah berhenti dan tidak beroperasi, sangat misleading",1,0,1.3.7,2024-07-10 13:25:19,,,1.3.7
17fabf82-735d-43f2-819b-4a28bd66d87a,Simon Sunda,https://play-lh.googleusercontent.com/a-/ALV-UjXv9LDQLXhoAK6CP4xmaNdcp9fvKZk-ze0t6GIRW4w5Mjdy-ef_,"Aplikasi oke ga ada masalah, udah bagus. Gatau mesti ditambah fitur apalagi. Oh ya mungkin fitur cashless, biar bisa top up dan bayar bis lewat scan QR pakai aplikasi ini.",5,0,1.3.7,2024-07-08 10:28:51,,,1.3.7
9b0deea2-bc62-4cba-8e1a-e027107a2f81,Jovan Harnando,https://play-lh.googleusercontent.com/a-/ALV-UjU7O8XA9UpnAVJjl1_0c6aTBCxX4mIibczo31FByXHKqIPOTCX1,Sangat membantu untuk mengetahui keberadaan bus. keren.,5,0,1.3.7,2024-07-08 01:54:00,,,1.3.7
eb327698-fa60-4c38-be05-c5b2c308bc52,Hairul Udhin Sanusi,https://play-lh.googleusercontent.com/a-/ALV-UjU_tqn00s2Ij221TLk1fq2jR7xshstJIgR_bLoRdiSUdJQ4Cq30,Kondisi bus sangat baik dan nyaman.,5,0,1.3.7,2024-07-02 10:12:38,,,1.3.7
a378c806-a759-4c62-8110-1c14e2133899,M Yusuf,https://play-lh.googleusercontent.com/a-/ALV-UjWvmGuMHOgOzd6pkv1Ej0pfJdWq9PGFq_We5ZwF6WZFkq0UIps,kalau bisa rute diperbanyak lagi,5,0,1.3.5,2024-07-01 00:48:44,,,1.3.5
841cb906-878d-4245-b842-d3938a125361,Nugroho M,https://play-lh.googleusercontent.com/a/ACg8ocIOwga0p5uLYwzTDfumDNMdcPlP4m-a9Am8SDax819hSDLeSQ=mo,Saya pakai untuk BisKita Kota Bogor. Sangat memuaskan. Posisi real time dari semua armada yang beroperasi. Informasi cocok dan akurat. Fitur seperti Flight Radar.,5,0,1.3.6,2024-06-30 05:08:51,,,1.3.6
eeef91a5-b48a-4c8e-a939-b4280b092e84,Wee taeyeon,https://play-lh.googleusercontent.com/a-/ALV-UjWasqsACPd0BmuloCrKDgLarVzc7kPQilAPOs_BKkWBum7JNpo,"Kadang tidak update, di app bus tidak ada tapi ternyata datang. Suka lemot...",4,0,1.3.5,2024-06-21 00:07:19,,,1.3.5
d760f868-4786-4e3b-8804-f0512e62200e,ardi suryana,https://play-lh.googleusercontent.com/a-/ALV-UjVAd8hAtMXbUhWkPBiuE64fYu9djkrSD8VFbVE9qicaNdWtW1k,Sangat membantu.,5,0,1.3.3,2024-06-06 07:32:02,,,1.3.3
0adbaf6c-4fb1-434a-aff7-1e4431d2eb6b,Azizi Galih,https://play-lh.googleusercontent.com/a-/ALV-UjWbyyYzrkuqo4wu_SW_S0ENlCvlg1uIo95EtXqaGD-2jLyn9rYe,"Tracking bus untuk Teman Bus banyumas dan Trans Jateng sangat baik dan akurat, kalau bisa buat beli tiket qr mantap sih. Sekarang cuma bisa buat liat posisi bus saja.",4,0,1.3.3,2024-05-29 04:52:14,,,1.3.3
db7f5473-bdf6-4966-86bb-d10173f17e08,Rustam Landu,https://play-lh.googleusercontent.com/a-/ALV-UjVcfrytZC7Pt-E5HwGe7w8h1dPhthM3E6qNMeUXVFVphVbZKvpc,great and very useful app,5,0,1.3.3,2024-05-27 08:05:52,,,1.3.3
4acd46a3-df41-479c-bf33-7de45bfd23b4,015_Dwi Astridiani,https://play-lh.googleusercontent.com/a-/ALV-UjVcF4fzDEuICtoUZIjHKaSRIBgVDVRIPIaB4kqRHJMeTy6eLGA,"Penjemputan penumpang di halte ada yang tidak jelas, sudah ada sign shelter tapi supirnya malah menunjuk arah shelter didepannya, dan tidak mau menunggu",3,0,1.3.3,2024-05-25 09:13:35,,,1.3.3
26e13109-a481-486d-9858-16e0b90bddb7,Rusland Family,https://play-lh.googleusercontent.com/a/ACg8ocItQSLMZUIuTfvHoQlEqqzjcotPiVj0Rn2ts3558DI03Bizng=mo,Sangat memberikan informasi,4,0,1.3.1,2024-05-15 20:01:30,,,1.3.1
35761b1f-55a9-45ba-802b-814793042646,Victor Pundhi,https://play-lh.googleusercontent.com/a-/ALV-UjVRzSBvlek-DbTqVpZVNvpo_Qwt52v4ax5VVJ4qou865-8UFZ-P2w,Nice innovation üî•üî•üî•,5,0,1.3.1,2024-05-13 16:40:41,,,1.3.1
099023b8-b7b2-4449-a336-2fe6c668d07b,Dani Bren,https://play-lh.googleusercontent.com/a-/ALV-UjUFJw-X22WIHs4YmKOs9snyKi46_zYnlUSsW32VgIDQta2wUAMB,"Safe and secure trip, they re always there",5,4,1.3.0,2024-05-03 09:08:10,,,1.3.0
e8fcbd7d-015f-4dc3-a2aa-ef294447f02f,Norman Jayaperlaga,https://play-lh.googleusercontent.com/a/ACg8ocLowBsL3IT85wwZ3o_PtdC9R6f2Chk6KrzYizT_FPF1uzzcfA=mo,Biasanya berfungsi dengan baik dan nyaman mudah digunakan. Tpi setelah update 30 april kmrn ada bug network gangguan trs ga bisa dibuka tgl 2 mei jam 4 sore pdhl jam 3.20an masih bisa,2,1,1.3.1,2024-05-02 09:08:38,,,1.3.1
faafc2ef-2777-4c51-95a1-054fc6453430,Ahmad Johari,https://play-lh.googleusercontent.com/a-/ALV-UjXQj5PXFCcu7Q1zUpvNFjSAYGOOIdk02EJQkHh6InHh0h8SFmtq,"Sangat membantu tracking bus. Saya domisil medan jadi transmetro deli. Akan tetapi ui nya kurang sempurna terutama pada menu tracking bus. Harusnya warna bus yg bergerak dengan jalur haltenya jgn dibuat satu warna. Contoh jalur amplas warna merah, warna bus yg bergerak di tampilan aplikasi juga merah. Jadi warnanya seolah menyatu dan sulit dibedakan ada atau tidak bus nya.",5,0,1.3.0,2024-04-29 10:19:50,,,1.3.0
599cf629-378b-4a12-b801-321af10a823f,Ari Erginta Ginting,https://play-lh.googleusercontent.com/a-/ALV-UjWJAHXw7nPGHMFAALEDsPw_cdf512PGszU7sMIyY2sEvj4pU-W_,informative application with live tracking bus also,5,6,1.3.0,2024-04-28 14:58:04,,,1.3.0
15237a6c-457f-485f-8ca8-dd438cde6369,Andreas Domenico,https://play-lh.googleusercontent.com/a-/ALV-UjW5dB9Y2TQY3lF8BghxrTrVfhIVhsuurXrh-IYeLdRCW059DDHa,"UI mudah dipahami, fitur juga sangat membantu untuk memudahkan melihat rute dan transportasi umum darat yang tersedia",5,0,1.3.0,2024-04-24 03:42:41,,,1.3.0
444a95a3-fd1c-49fc-bdc2-10f6ce6c05ff,Sky Stark,https://play-lh.googleusercontent.com/a-/ALV-UjWW6pPYE3oynxBdx5T49-LIkSKC7ZeKtbfrBDuBWE7EPPKXDba7,Cuma check live location bis selama stgh jam habis 200mb lebih. Ini lebih mirip kyk aplikasi perampok data.,1,1,1.3.0,2024-04-20 16:53:54,,,1.3.0
533fe631-0855-4c2b-88d5-ad023105e68e,Said Muhdaffa,https://play-lh.googleusercontent.com/a-/ALV-UjU1twc2eA1MjfIWSKexv7hLorx7mrLZ7Ys0628f6A7wHAdUIFI,This is so well made,5,0,,2024-04-17 13:27:09,,,
5e5af999-7fa0-4433-83e6-87cc72549087,Arman Nugraha,https://play-lh.googleusercontent.com/a-/ALV-UjW7yuvuBio0n7Movsv2POCMG0Ckb5yU7AOxo-KUv7lNYZedY_tf,"Fitur tracking bus nya berguna banget, semoga fitur tersebut bakalan terus ada",5,0,1.2.9,2024-04-12 11:31:21,,,1.2.9
03c9de12-1e34-463c-8e51-d6d474e39588,Alfania Azaroh,https://play-lh.googleusercontent.com/a-/ALV-UjWQ21jCQnWv62q5xiidTmp7Re1lkRJr_7FzRwG7_TeJu7zqAIDQ,ga jelas,1,0,1.2.9,2024-04-10 11:10:57,,,1.2.9
32e7bcc2-fc46-42da-b5e9-ed3bec0f5f43,Pierre Rainer,https://play-lh.googleusercontent.com/a-/ALV-UjU916-sLZ5C_OA1Tsy8LqjTgh0WLVmB1MN-LRkSPZ4jPN1yeOo,"untuk transjogja tidak bisa dibuka, crash langsung force close. tolong dibenahi",2,0,,2024-04-05 07:53:27,,,
483ff047-540d-4ab1-aa2c-9c6cc70a96f3,Anindya Laksmi Kusuma (Lala),https://play-lh.googleusercontent.com/a-/ALV-UjVHFiaN66f5VjXB1EcWFACIPmx0N9ZnSS8qGPIQsRyImzMV9CITwQ,"im an avid user of this app but it's been a while since i can access it. it won't load and said that there's something wrong with my connection??? when my connection is clearly okay and i can access other things with it. i've tried to remove caches and clear the data several times but still, it won't work. please fix this issue üôè",5,23,1.2.9,2024-04-02 21:37:45,,,1.2.9
9b0d65f0-e3c9-4541-9b17-2b76d18a110d,Arnia Katri,https://play-lh.googleusercontent.com/a-/ALV-UjXF9gBcvbRovUsxaE3iZQRl_DBJ4CugQ_MnOtfktL4W-0FBf3kv,ga ono notifikasi dobel NIK saat daftar Mudik Gratis sing ono nyalahno pendaftar Mudik Gratis,1,0,1.2.9,2024-03-31 03:19:57,,,1.2.9
d258ddf0-e7eb-4404-8ded-39a2a95a1dfe,Bagus Samodera,https://play-lh.googleusercontent.com/a-/ALV-UjVnDIuNmWx1qU2bXaknlRBs9ok9thh0rgkG9iZw1eI0rNdYlDfV,Aplikasi error,1,0,1.2.9,2024-03-31 02:07:34,,,1.2.9
94140c77-78ab-4906-850c-6be2cfc1a8f2,World Peace,https://play-lh.googleusercontent.com/a-/ALV-UjWUbWnPpm4KVKVxrE8F712DQ6toyldQB6pouxitZ-VA9FtHXF80,"Ga bisa input tujuan kaya teman bus, yang outputnya naik bus apa turun dimana (beserta transitnya).",3,0,1.2.9,2024-03-29 02:07:13,,,1.2.9
540cbe9b-d07f-4b97-862b-2313303d330e,Enzo Cavano,https://play-lh.googleusercontent.com/a/ACg8ocIAH7tRudRfRjIvdVz5HMrX2gMA-cMfHw2jal7JtkV0zFMv8w=mo,Kenapa mesti apk? Kenapa tidak web saja? BERAT!,1,0,,2024-03-27 21:40:43,,,
c2ab2c66-871a-4cb2-bdd8-540ba7a88b8e,Lydia Irianti,https://play-lh.googleusercontent.com/a/ACg8ocLpjtvruiF-OMgQsmq6odkbLYkmEYWz5O6_cS_TXdu6cg65Bg=mo,pake tri ngga bisa :(,3,0,1.2.9,2024-03-27 08:31:52,,,1.2.9
0fde1e85-e028-4613-9dd2-a0c8581a76fb,Nabilah Husna,https://play-lh.googleusercontent.com/a-/ALV-UjWUk6kExmQR2NNkn8YoWquL0x0E1uVQaeAcaZlF2hfzo56pH_kg,"Tolong benerin lagi deh appnya. Udah beberapa minggu ini gabisa buka tulisannya ""terjadi kesalahan jaringan internet"" padahal jaringan kuat banget. Akhirnya gabisa dipake buat ngetrack teman bus",2,0,,2024-03-27 05:58:15,,,
b5dce5cf-7281-4de6-aa26-07e3c0167209,Princess Jeon,https://play-lh.googleusercontent.com/a-/ALV-UjW4edk_iG_GkqxpEicKoZo5HYXe8hQFZN0EkuAvUHtRneN_8-XZ,Kenapa saya tidak bisa login aplikasi mitradarat ya? Apakah sedang ada maintenance atau bagaimana ya? Selalu muncul error karena sinyal jelek padahal saya pakai untuk aplikasi lain fine aja.,2,0,1.2.9,2024-03-26 00:24:11,,,1.2.9
34715cad-d6fe-4c5d-a894-7c26996326c3,Puput melati,https://play-lh.googleusercontent.com/a-/ALV-UjVlb5PJVHEBknTAEf9G8LyABfG59gUmRQ-jsHfOwiAMe8Flxlqu,"kok koneksi internet terputus, padahal internet saya lancar",3,0,,2024-03-22 03:25:25,,,
0a143214-14e8-4831-a840-7c4827df9c3c,Cindy Loreta,https://play-lh.googleusercontent.com/a/ACg8ocK8uJIJA0JWjqW1GYbdqflI6SuKkIbsIuUI49v5xepr1F_MWg=mo,Beberapa titik halte mitradarat berbeda di lapangan.. (contoh transmetrodeli berhenti di titik halte glugur yang tidak sesuai dengan titik halte di mitradarat),3,0,1.2.9,2024-03-20 00:03:45,,,1.2.9
15ca1942-a1fa-41c6-a929-289d1f93ed8d,Kevin Bowie,https://play-lh.googleusercontent.com/a/ACg8ocLJM7U0MsJLw53Hd9gRRaWf0r1tdh_etoLsuE91bIMKCtmFfQ=mo,"please add more routes, like karya, amir hamzah. And make it updates in google map like in japan and ontime. Thank youuu",4,4,,2024-03-17 04:58:58,,,
abc50d8d-c33b-4fc9-b067-36fcf95b5de2,Gabriel Steffen,https://play-lh.googleusercontent.com/a-/ALV-UjVwa9_YKZyTrZpT4EGDtUOOSS6nphtA3c76uLhCxpe5q4voM-U,"Tolong, saya Masi bingung. Untuk refresh tiket gratis nya, itu dimulai pukul berapa ya? Sudah setengah jam lebih, namun tiket tidak kunjung di refresh kuota nya",5,0,1.2.9,2024-03-16 01:36:22,,,1.2.9
c433ee80-b1b7-4ac7-a003-281f885b532c,I Gede Arya,https://play-lh.googleusercontent.com/a-/ALV-UjWwk91mUOCDT8rPV8M6DGBVuJnyiaA3DCJJ8xr9-O2HOL1z3af3,Track bus ngga akurat jadi sering salah jadwal,1,0,,2024-03-13 05:59:25,"Terimakasih atas feedback yang diberikan kepada Kami,
mohon dapat mengirimkan video kendala aplikasi yang Anda alami melalui alamat email developer@nginovasi.com
Tim IT kami akan segera merespon keluhan Anda.
Saran dan masukan Anda sangat berguna bagi kami.
Terimakasih",2024-03-18 16:29:30,
d7a3da6c-c4ba-4569-8b04-d0a0572e3ab4,Nick Agata,https://play-lh.googleusercontent.com/a-/ALV-UjXQL_8OjVOjmZOiKxK9Eohf_-ygV-952OoOV33OWh0SkyANfOtO,Mantap,5,0,1.2.9,2024-03-13 05:22:11,,,1.2.9
3948e5c7-1141-41b0-bb5b-5c4f085e1688,Putri Alyani Fadhilah,https://play-lh.googleusercontent.com/a-/ALV-UjXZZnP4UaYysri2EaOJzoH-k6gFbeGhwsHJeC9IX8LhdtzfJPwF,Keren sangat membantu,5,1,1.2.9,2024-03-12 04:33:41,,,1.2.9
0aef1e9f-b60f-4743-ae35-91581525e18b,Elham Herlambang,https://play-lh.googleusercontent.com/a-/ALV-UjVRJqw7axW4ND6bFGS1gVg9QXXjl2t9KGwxWdRhaslp_tawU7g,Setiap nyari kuota habis terus padahal dibnotifikasi buka jam 8 üëéüèº,2,0,1.2.9,2024-03-12 04:28:53,,,1.2.9
6ab581b5-80fe-4eb4-a39f-94258db94dda,Cakra Andika Putera,https://play-lh.googleusercontent.com/a-/ALV-UjWGHduD2zUPT-12tFBH7dUu03cYJMBbD7WLd3A-X3H0QuP26ukrPg,"It works, better than most other public use app",5,1,1.2.9,2024-03-10 09:32:00,,,1.2.9
772e6343-b478-42c0-a079-cee56f571b20,Putri Wanda Aisyah,https://play-lh.googleusercontent.com/a/ACg8ocItLDrdT039FTqfM6jFd1drc2w_uboZD0iJXBLceaS0zcjkyw=mo,"Leletttt banget servernyaa, ga bisa login, padahal internet lancar",1,0,1.2.9,2024-03-10 03:42:25,,,1.2.9
0b6fb34e-5070-4382-9bf6-bd67e2a48b0c,Lilis SR-yanie,https://play-lh.googleusercontent.com/a-/ALV-UjW4DqW6uq9HKDcOQcNxTwdY1Oqh-nnf1XKyknHwvGVQc3njAEki,thankyou MitraDarat,5,0,1.2.9,2024-03-09 01:19:13,,,1.2.9
cf25e598-0e18-4a0f-b1ef-f2f4e11248bd,Nina,https://play-lh.googleusercontent.com/a-/ALV-UjXOL4oRzT2y6zxBywVj88X2R0fgc6oSIVJ4CXU6XLbeOzHrqLSo-A,servernya jelk bgt,1,0,1.2.9,2024-03-09 01:03:45,"Hai kak, mohon maaf atas ketidaknyamanannya, bisa infokan lebih detail masalah yang dialami. Thanks",2024-03-09 01:37:01,1.2.9
74246a5b-b5f0-4ccb-ab53-c3f643fc2daa,Agus Abu Ayesha,https://play-lh.googleusercontent.com/a/ACg8ocIMYCmrtNZ9VQQjnqoWsVoDc4im0WkmwvHw9h2_hglYlud08Q=mo,good aplikasi,5,0,1.2.9,2024-03-07 01:04:54,,,1.2.9
d422db71-94e6-4fc0-a1dc-1422467c1c44,Sitoresti Yudiniar,https://play-lh.googleusercontent.com/a/ACg8ocJHIsgxi6ujdX2PuKkPQzdzP823x_P0fCYknW_004dJWFXV2Q=mo,Tidak bisa cari rute bis mudik...gimana ya..,1,0,1.2.9,2024-03-06 11:48:57,"Hai kak, mohon maaf atas ketidaknyamanannya, bisa infokan lebih detail masalah yang dialami?. Thanks",2024-03-07 00:45:24,1.2.9
acc9c871-a11c-46d0-ad39-4582120157b7,Ahmad Muzakki,https://play-lh.googleusercontent.com/a-/ALV-UjU_XD_2t1fcETm2M0wIRS9XIy1ew4nXEufgd1fvyZ3F_IA-g2c,mantappp,5,0,1.2.9,2024-03-06 05:49:22,,,1.2.9
b54ef9e0-c217-40f8-ab41-fa1947e04e18,Daniel Dwijayanto,https://play-lh.googleusercontent.com/a-/ALV-UjUH0hktzKMV-SQUsgG-ITT7Jnzm6ypXMQdUT_zNqA4WWkxYnoJ3XQ,Aplikasi nya sangat memudahkan kita untuk tracking posisi bis dan rute perjalanan setiap kota,5,0,1.2.8,2024-03-05 23:00:07,,,1.2.8
1df9b560-0b30-40e9-bf88-e2e95256846d,Asrofi Nurdin,https://play-lh.googleusercontent.com/a-/ALV-UjXa3f69bERkJkEBuBcuRGF8b2QFxG4CC64zLpzvlXRWcJmBoTfQ,Pendaftaran mudik gratisnya di mana? Gak jelas nih,1,0,1.2.9,2024-03-05 06:05:42,"Hai kak, menu Mudik Gratis akan muncul ketika pendaftaran sudah dibuka. Jadi mohon untuk tunggu ya, nanti akan kami infokan lewat aplikasi ataupun sosial media kami. Thanks",2024-03-05 12:01:06,1.2.9
95f747bc-a982-4361-967c-e48bd2350cf7,Achmad Fanany,https://play-lh.googleusercontent.com/a/ACg8ocJIm_BaPyOSo6vzNdGDbrKvg-TxsnrznRzc-bY-IArWWrgQZA=mo,Nice,5,0,1.2.8,2024-03-05 02:13:23,,,1.2.8
870d33ef-dd2c-4758-a102-28ee9abc4724,Solihatul Maisaroh,https://play-lh.googleusercontent.com/a-/ALV-UjUtvZHX0vmcvTRso1zf1BgmRxOta7ySHXaKsZEsY-3dEPTLB6Y,"Belum akurat, ada bus yg ngga ke track di apk",3,0,1.2.8,2024-03-02 09:23:44,"Terimakasih atas feedback yang diberikan kepada Kami,
mohon dapat mengirimkan video kendala aplikasi yang Anda alami melalui alamat email developer@nginovasi.com
Tim IT kami akan segera merespon keluhan Anda.
Saran dan masukan Anda sangat berguna bagi kami.
Terimakasih",2024-03-18 16:32:59,1.2.8
29bf59f8-2594-4c74-8fcc-c3535d901204,Dinda Ayu,https://play-lh.googleusercontent.com/a-/ALV-UjXQ2jIYnhhIT1fw4JaBpEFcQLUDo59sVB6MWphLVE47e1TQavf6,"Handphone saya selalu error dan mati setiap menggunakan aplikasi ini, sayang sekali padahal aplikasinya sangat berguna",3,0,,2024-02-23 11:29:36,"Hai kak, bisa bantu infokan apa yang dialami supaya kami bisa membantumu. Thanks",2024-03-04 15:22:38,
d851176e-7641-4692-b00e-e47b7bcd387c,Yohanes,https://play-lh.googleusercontent.com/a/ACg8ocLMQj_DpwMoTnxEiYG2-xVQKKz45yDjHPEpPl-YpM3p7KZgwg=mo,"Live tracking kurang cepat updatenya, yang oke bisa lihat kota lainnya.",2,0,1.2.7,2024-02-21 10:46:08,,,1.2.7
7b3e0e05-2ce0-443b-8bf1-ca6fcd478a3e,Khanti,https://play-lh.googleusercontent.com/a-/ALV-UjVa-DcNhT3w3pPa5pQ0oaPv-hf2YQ4qE8r6cn1m5F0L6srjO49c,Tolong tambahkan peta jalur Bus Sarbagita Bali. Terima kasih,5,0,1.2.7,2024-02-18 02:30:29,,,1.2.7
2bbbfa3a-1c70-4c43-8121-f49afe19cff1,Nifail Al Ahza,https://play-lh.googleusercontent.com/a-/ALV-UjV_IaYOwGIBgrW6rRaUrC7oXV3NYhIhNPV8w7OXr5bmUPSkn1U,Bagus sekali,5,0,1.2.6,2024-02-14 10:10:24,,,1.2.6
5c1e7fd1-10d6-45b3-b45c-08b7305b0e6d,Ridho Baihaqi,https://play-lh.googleusercontent.com/a-/ALV-UjW7HyKs5vWoBi6K4zMhxBENbh0fjH-z96WFmsLKYjuRV6RJWGY,Bagus. Tapi belum ada info sedang melayani penumpang atau tidak.,5,0,1.2.6,2024-02-06 13:53:48,,,1.2.6
3d7ca595-8e2a-4155-8aba-f6d97767e2f7,David Anthony,https://play-lh.googleusercontent.com/a-/ALV-UjXrDchpF1efc1oNmbZQhbrRSrQvBsRw8tWoJw5NFrqaHyOeEnyD,"Kurang Transjakarta, semoga segera kerjasama untuk track bus nya",4,0,1.2.6,2024-02-05 09:58:12,"Hai kak, untuk Trans Jakarta mohon tunggu update dari kami yah, nanti kami akan infokan jika nanti sudah tersedia. Thanks",2024-02-13 02:17:26,1.2.6
8c89452a-5629-492a-b6cb-ad2389523636,Dewa Odhey,https://play-lh.googleusercontent.com/a-/ALV-UjUzkkOZpPLcFkn-DS5Qct1_Z4lLR2qBy_5Rvodv1tO4Eqh77M3S4w,"bagus ,sangat membantu saya",5,0,1.2.6,2024-02-03 03:32:21,,,1.2.6
8c35e870-c2b6-49bf-a773-86769bfd826f,sarifitr sari,https://play-lh.googleusercontent.com/a-/ALV-UjWxsKrogu-Bymh72FOt0fD_Ccw6JMv7SZUv07wsyvXIVNjTCQ,Ok bgt,5,0,1.2.3,2024-02-01 09:52:29,,,1.2.3
578a83e9-c833-48fa-b31e-76a5cdec8938,Kopral Jono,https://play-lh.googleusercontent.com/a/ACg8ocLtJXQJLer4XM6cOc6RYERAEBEwDvF_JZnYN_JfQtoZQ-4nhQ=mo,Datanya diperbarui dong,2,0,,2024-01-23 03:23:14,,,
ddce1bc3-5cf8-446f-8f6c-8875668d6420,Nur Afifah,https://play-lh.googleusercontent.com/a-/ALV-UjW2CKvl0JgbukuNsrrn3wsPSJmFlSh2_YiegnoLo7S-jOXzZJHj,"Sejauh ini, aplikasi MitraDarat lebih stabil (tidak sering error atau tiba-tiba tertutup saat sedang digunakan) dibandingkan aplikasi TemanBus yang lama.",5,0,,2024-01-18 00:29:50,,,
7d34b45d-0692-48f7-8b5a-a59958ea30a7,Yany Rose,https://play-lh.googleusercontent.com/a/ACg8ocKiFArQSK8veV-PSNHcZcwhnynCwf8JYMpRNqSgIh63hEgfUQ=mo,"Warna BUS di peta tracking sebaiknya berwarna cerah supaya contras dengan warna jalanan, Saat ini warna bus dan jalanan hampir sama sehingga kurang terlihat.",2,0,1.2.3,2024-01-16 04:18:40,,,1.2.3
01af11d0-d11a-4a50-819f-814ab5ebf3d5,Evy Surya,https://play-lh.googleusercontent.com/a-/ALV-UjV_l6bTJwmxTbceNW1Ni3fLZxobZ8FQx-m7UpT5ShcW6F00YcJyLA,Letak nama halte graha famili A tidak sama dengan yang di temanbus,2,0,1.2.3,2024-01-13 05:35:15,,,1.2.3
c9df2b72-902f-490f-9d2d-f150eb6923aa,Docling Rifa,https://play-lh.googleusercontent.com/a-/ALV-UjW24w02eD63tqSsQVXsIJrYevKT2OAn-tSO44WFokgU3nHxoMdx,gak guna! Supir gak berhenti di halte . Nyusahin orang nunggu lama¬≤,1,0,1.2.3,2024-01-11 11:42:57,"Hai kak, untuk pelaporan supir bisa kirim di Aduan atau kontak CS yah. :)",2024-02-01 06:55:13,1.2.3
aae8b0f5-6f13-4482-a7bf-22d24dafcbf7,Safrina Dewi,https://play-lh.googleusercontent.com/a-/ALV-UjV7AFR6BElghUWcbsABjSql8PKiBTDz8tafz1vrMErN6HUMM6g,"Perlu disebarluaskan kepada masyarakat yg lebih luas, tapi harus disertai cara penggunaan yg lebih jelas.",4,0,1.2.1,2023-12-31 05:39:36,,,1.2.1
214f73c4-d2c8-49d1-977b-a4f69eab9729,arrafani blogspot,https://play-lh.googleusercontent.com/a/ACg8ocJ03wYQO2Mzslt1baxjGduMhKVA5q3UcMBmvGHqO1V-wvOlLg=mo,Sangat membantu,5,0,,2023-12-16 03:11:20,,,
973d1e49-5cea-418f-afed-10dc5e7d7c96,Samsung A20,https://play-lh.googleusercontent.com/a/ACg8ocJ3gNKWW_IPFwKIB-KJagaB3-7AsLjdHJ6UPncZVYvEJd0CrA=mo,"Mantab , aplikasinya sdh gak ngelag lagi.",5,0,1.1.8,2023-12-10 10:59:26,,,1.1.8
25ab3227-17e5-4acc-a38a-69719abb88ba,Belinda Sara Arthatia,https://play-lh.googleusercontent.com/a-/ALV-UjXBhzcsotZIqrhfjbf6zpV8qiAixOkHp-PaqkwA8aZcDhafTlh-rA,aplikasi perhubungan darat (bis) yang terintegrasi. keren!,5,0,1.1.8,2023-12-08 05:45:06,,,1.1.8
92fc9cd5-309f-44e0-b3ff-2058309667b4,ari nurdiyanto,https://play-lh.googleusercontent.com/a-/ALV-UjVObs-UDyvwsQtSKR8Z03bRqC0f0DF6nReKcJ8Brz2t2jB4OnWskA,sukses untuk kemenhub,5,0,1.1.8,2023-12-07 03:43:11,,,1.1.8
7c726a6e-a955-4525-b253-e357a86407aa,Tegar galih Sebastia,https://play-lh.googleusercontent.com/a/ACg8ocK_1XXiN2OXdFlQ7ZHDcn7WTsqs3E6BazZw2MGKGqRNFZnj5Py5=mo,"Bismillah mudah""an bisa ikut mudik nataru 2023/2024",5,0,1.1.7,2023-12-06 01:05:08,,,1.1.7
85b46d41-6cc3-4e34-a3be-908027f2eb0a,Nopri Susanto,https://play-lh.googleusercontent.com/a-/ALV-UjXRugMCU_ybGVzan9VCes-RZuKdCQ63jdxsFwLFB0T2S5VJnuTAXw,Aplikasi terbaik,5,0,1.0.4,2023-04-05 01:16:53,,,1.0.4
d6864afe-b3a3-4ce8-b23a-d49cbb3a1de5,NK _,https://play-lh.googleusercontent.com/a/ACg8ocKehNGTS5syZQEMzxvrZ9kqwiKv-e58YrybBsXJHkw6HykVvw=mo,"Belum rejekiku dan anakku ,, udah kehabisan kuota ternyataüôÅ",3,0,1.0.4,2023-04-01 02:32:51,,,1.0.4
b105f0c5-8e68-473f-8f0f-879aa5363dec,Gondo -,https://play-lh.googleusercontent.com/a-/ALV-UjWuJ0W_ZQC5c2V9FmrNCQkxaMszcV58HId2bNH-Gm9XypBq-IZtUA,"semoga barokah,ikuti aja petunjuknya semoga sukses",5,0,1.0.4,2023-03-31 06:20:29,,,1.0.4
fdb3c43e-7bba-4374-b2c8-1e4aae242d9c,Well Riztuent Haryanto,https://play-lh.googleusercontent.com/a/ACg8ocL8apdCcs5hVIJ3EAYoCGJvkP_1rsdrmWUuCSrhIEMjTTTpCo8=mo,It's very great,5,2,1.0.4,2023-03-31 04:13:04,,,1.0.4
c9332398-bc8d-46af-a2c1-28179fda1738,Andy Sugeng,https://play-lh.googleusercontent.com/a-/ALV-UjV6ZeLI7CSCr7ARcPzuMqM2lwYuKKuWicdpa0V8lQX2kYtJhg2r,Mantap sekali,5,0,1.0.4,2023-03-28 03:02:01,,,1.0.4
ae5d659e-c97d-4fe8-a892-6b453589251d,12 Erika Rihlatas Sita,https://play-lh.googleusercontent.com/a-/ALV-UjWY1IHT5pXwDbxkgYyikm2nrMzF5AbPNwCGMp4Q-FaWpbj0IAAH,mantap,5,0,1.0.4,2023-03-27 05:17:17,,,1.0.4
3fc5efa4-488b-40e6-ae26-c004db710e38,fandie oke,https://play-lh.googleusercontent.com/a-/ALV-UjX-bcGQnC1_4FotXBnzo_oLrcmjlyPWC7vjkgSHBI2lb0qYYbMN,Alhamdulillah,5,0,1.0.4,2023-03-27 05:09:30,,,1.0.4
53f6a2c9-0fe2-42ce-88cb-53331100f376,Anto Dwinanto,https://play-lh.googleusercontent.com/a-/ALV-UjVOdHZquRX_yu7r7E6pfoCWB5GBz4huKY2wvhwh_oo_kIUrKy0,"Payah nih nggak jelas. Mau coba daftar mudik gratis tp abis isi lokasi keberangkatan dan tujuan diem aja nih aplikasi, gak ada keterangan apa2",2,0,1.0.4,2023-03-25 11:46:12,,,1.0.4
88af484b-4e30-4d40-ac6d-e328fb8558c2,Arie Ariyanto,https://play-lh.googleusercontent.com/a/ACg8ocKW5rjQ-Z3q8q4oy6K1SuJ-3PwrNxzKA0xmx8Iz_nkEoX5SQA=mo,"Bwahaha gak bisa di akses, kena prank saya, mo buka mudik gratis gak iso terus ... wkwkwk ngono yok ngono neng ojo ngono... uninstall yg terbaik..byeee",1,0,1.0.4,2023-03-22 14:55:03,,,1.0.4
92001633-8e80-4ad5-a24b-7acc1544ff25,embun fajar wati,https://play-lh.googleusercontent.com/a-/ALV-UjUyXLSJ7-DLUhn8bCN4yzd_8QQbvXsurM9QMVaR442ksWFfO42H,Di cari lokasi berangkat n tujuan knp hny gbr kotak. Apakah kuota penuh?,2,1,1.0.4,2023-03-22 09:56:33,,,1.0.4
614fd355-e043-40fe-bf03-f931e7dfc7d2,wisnu pamungkas,https://play-lh.googleusercontent.com/a/ACg8ocI-yGlbEzZHlDTigo00Cc9nkGL82tLB6rVJ1tqH4Q848VAkoA=mo,nice,5,0,1.0.4,2023-03-20 07:58:11,,,1.0.4
5c7a15a4-27f8-437c-be83-5cf843c15acd,Aprilia Suherlan,https://play-lh.googleusercontent.com/a-/ALV-UjVMZn9-D9qkLB-Rh9jSFLusbC2HOHfgZoH2jbJyplg8zwbEC6Xr,"Masukan Kode OTP gak masuk-masuk, diulang terus pun gak bisa. Ganti nomer pu gak bisa. Pake hp lain gak bisa. Padahal wifi lancar.",3,0,1.0.4,2023-03-19 21:55:38,"Hai kak, mohon maaf atas ketidaknyamanannya.",2023-03-21 03:47:40,1.0.4
64010bf8-085d-4fe3-b9f6-3ac60d830654,Della Al Fitriani,https://play-lh.googleusercontent.com/a/ACg8ocL5TuIc0Yg-f-23Bn6LErOTYzs0gDBMujT-UKnSEjCI1_piQA=mo,‚ù§Ô∏è‚ù§Ô∏è,5,0,,2023-03-19 02:23:41,,,
70de7aa4-c3aa-441a-aff2-f010684d2309,Ashila Salsabila,https://play-lh.googleusercontent.com/a/ACg8ocIaMAuSN5cyEy60LRp6qG5ckDql1bvk0zFA1hCW1Tb_sj204g=mo,Aplikasinya bagus dan sangat membantu. Terima kasih mitra darat ü§ó,5,0,1.0.4,2023-03-17 03:45:27,,,1.0.4
876f8389-d912-4c06-80fb-14f0c4b49a37,Ariesena Hardiansyah,https://play-lh.googleusercontent.com/a-/ALV-UjXmbUqycgMp_l2O12j66K4u8U_OiYIL91mDm443at3hsbKuiybT,Pelayanan bagus senali.. Ramah. Puasss pokoknya. Terima kasih,5,0,1.0.4,2023-03-17 02:45:08,,,1.0.4
78dbac00-ee54-456c-b147-49a1cd412fd9,Okta Legiana,https://play-lh.googleusercontent.com/a-/ALV-UjXIImX2fOCbWV5kqlGtEOhq6Ds5rlSLJatFGH1h2_wn_aY0UDTddg,"Sudah masuk aplikasi nya tapi tidak muncul saat mencoba untuk pemesanan tiket, kenapa ya?",3,0,1.0.4,2023-03-15 23:17:54,"Hai kak, kuota yang tersedia terbatas. Jika nanti kuota kembali tersedia akan kami infokan lewat aplikasi. Thanks",2023-03-21 03:40:54,1.0.4
f068b5ad-1558-4ff9-94c2-981cc118cd89,Denny Hermawan,https://play-lh.googleusercontent.com/a-/ALV-UjVKQtBx7ZJ2Jh9im2_nuVjrot4ZY_kiJU3DQIhBBo_F7S7udbYT,"Terima kasih, apps terbaik",5,0,1.0.4,2023-03-15 05:41:47,,,1.0.4
d8810ccf-eea7-4711-a665-c81cc97b9cca,Wahyu PutriLestari,https://play-lh.googleusercontent.com/a-/ALV-UjUmTJqHKVxpGNRFiTFAtpB95QBDOLzmV9cE2xEGcBrZBQRbRo0y,Sangat Membantu,5,0,1.0.3,2023-03-15 04:52:07,,,1.0.3
5ade54f3-ab3f-482b-acb1-43b22e70dfc8,Imam Arifin,https://play-lh.googleusercontent.com/a/ACg8ocKUJEUfyxhPZAxQ6YrgYznxET2Ts9odRUKENlL94U3vVmo5-A=mo,Thank You tiket gratisnya,5,2,1.0.4,2023-03-15 04:06:48,,,1.0.4
f3719e48-7bc8-4ae8-8407-9f79b1b00628,Hendy Andiawan,https://play-lh.googleusercontent.com/a-/ALV-UjWMq6Jum3FdIsgHI-pcpRf2LVbVORZQy1fFisbtIiqnQ1k3KDX-,Top,5,0,1.0.4,2023-03-15 02:57:27,,,1.0.4
0fb71c06-8233-4c15-a399-4e7bf312ddd0,rudie Muzaikan,https://play-lh.googleusercontent.com/a/ACg8ocKAWKuhQzGWB2d_5d8I28_qKDqhDS-zJuGI8soiDkDxK8rPe2la=mo,important information/program,5,1,1.0.4,2023-03-15 02:44:41,,,1.0.4
057c6689-ba9c-4be2-b8d1-d6ab9b2e0454,Syafina Aziza,https://play-lh.googleusercontent.com/a-/ALV-UjVDoU7Wjrmqyjxl1omJV7-bBAbzSEe9zwtYK_N35Omvv2H7LY2dOA,Mantap,5,0,1.0.4,2023-03-15 01:30:56,,,1.0.4
41ddb4d3-2253-4fc1-ac0d-cd12d977baf8,Mutaqin,https://play-lh.googleusercontent.com/a-/ALV-UjWHCggSWxdSO7J-SyQQPHOAwa91SSOF86x7T35qX_DDXrOatYwi,"Error http failed, please try again later",4,1,1.0.4,2023-03-15 00:06:40,"Hai kak, mohon maaf atas ketidaknyamanannya. Traffic server sedang tinggi, silahkan di coba kembali beberapa saat lagi üôè",2023-03-13 13:28:18,1.0.4
fa710e8f-1824-4e1a-badb-0006fbacd3a6,Salma Nanda Tifany,https://play-lh.googleusercontent.com/a-/ALV-UjU38phMWc4R5A8fAk-chMv5kgXch2aKOPcw1QwQvig6rEUtKO1B8Q,"aplikasi eror, http failed. gagal mudik gratis. males deh giliran udah bisa di akses. kuota penuh hahaha",1,0,1.0.4,2023-03-14 04:44:08,"Hai kak, mohon maaf atas ketidaknyamanannya. Sebelumnya traffic server sedang tinggi dan kuota yang tersedia terbatas, jika nanti kuota kembali tersedia akan kami infokan lewat aplikasi. Thanks",2023-03-14 06:13:39,1.0.4
0f860808-d954-499a-ba5d-82e651e6f37e,wulandari iyg,https://play-lh.googleusercontent.com/a-/ALV-UjWec_cYC-w9w36AA6ZUpZcURFkg0aLsz8xHM6D3CriiHbI2cu5M,Tidak bisa pilih keberangkatan,1,0,1.0.4,2023-03-13 23:20:42,"Hai kak, mohon maaf atas ketidaknyamanannya. Sebelumnya traffic server sedang tinggi, silahkan bisa dicoba lagi sekarang ya kak üôè",2023-03-14 03:21:25,1.0.4
f117c3c1-4b47-4160-ac47-0bbd8cb25ede,Maman Sulaeman,https://play-lh.googleusercontent.com/a-/ALV-UjVyHVQewrC9nDbwJRtzQMSEJolOJ5q6hBSiXpO4Sw_tItF3acSl3A,sangat membantu pemudik,5,0,1.0.4,2023-03-13 15:17:51,,,1.0.4
492def0e-b2a3-4b0b-aa11-a8dab7c297de,Alvino Danish,https://play-lh.googleusercontent.com/a-/ALV-UjU220TR0Kjo2BRjbGVEHYdhji3c1BNOndfOEQkpPVIGdmEH3g,"Terima kasih, lebih dipermudah meskipun harus war.",5,0,,2023-03-13 15:02:50,,,
dece9a19-0423-4a31-b061-c2c9d513144d,Rahmawan Bagus Trianto,https://play-lh.googleusercontent.com/a-/ALV-UjUViVO4SaufIQTuNiapfUG0M_9PIU3EN_crUQkU5bVX5PjiCgDC,aplikasi full error tidak bisa dipakai,1,2,1.0.4,2023-03-13 12:54:37,"Hai kak, mohon maaf atas ketidaknyamanannya. Traffic server sedang tinggi, silahkan di coba kembali beberapa saat lagi üôè",2023-03-13 13:27:54,1.0.4
e076f654-05da-425e-8383-c47509bd804e,Hienzo Shi,https://play-lh.googleusercontent.com/a-/ALV-UjU6-O1WQ6ngAVdbNFG2r52X1bVj1JYzAbGWSp1Vhp8wx3qeta4_,Perbaikin server nya ya bang dah bagus kok,5,0,1.0.4,2023-03-13 12:07:56,,,1.0.4
f16b0d0e-a899-4eb5-a6e3-c0363f93b016,Muhammad Nur Bahari,https://play-lh.googleusercontent.com/a-/ALV-UjXN7d5ctVGtYviljHhE03jb5nMVKatkuaDj-mhaR3SmTxMzwxKZLA,Tidak bisa login muncul http failed,1,0,1.0.4,2023-03-13 11:38:55,"Hai kak, mohon maaf atas ketidaknyamanannya. Traffic server sedang tinggi, silahkan di coba kembali beberapa saat lagi üôè",2023-03-13 13:31:16,1.0.4
6e69bb1c-b696-443f-a854-4a19f425a853,Purwo HD,https://play-lh.googleusercontent.com/a-/ALV-UjUm32V9EJcqitUGAA74pc1JExdtiuUVFDRdcWIMIcLYuT2g38sPnQ,"Mohon maaf, aplikasi tidak atau belum berfungsi untuk saat ini. Sepertinya server tidak mendukung untuk traffic tinggi.",1,0,1.0.4,2023-03-13 08:52:35,"Hai kak, mohon maaf atas ketidaknyamanannya. Traffic server sedang tinggi, silahkan di coba kembali beberapa saat lagi üôè",2023-03-13 08:55:46,1.0.4
70151961-348a-4713-aa46-e39fa9855439,Arie Alaska,https://play-lh.googleusercontent.com/a-/ALV-UjU3TbRIwxdu3IgLU8f1OHz8cf8-vqrgODHjua5HRF7tjPKwB120,aplikasi lemot,3,0,1.0.4,2023-03-13 08:24:18,"Hai kak, mohon maaf atas ketidaknyamanannya. Traffic server sedang tinggi, silahkan di coba kembali beberapa saat lagi üôè",2023-03-13 08:25:04,1.0.4
b1dde657-ac48-45e8-b1d0-997e7820b2d1,Fuad Naufal Ryan (‚Ä´ŸÅÿ§ÿßÿØ‚Ä¨‚Äé),https://play-lh.googleusercontent.com/a-/ALV-UjXw7kOi1aOeI-ts682Ht8voCAVr4QY8ZKM__GZxOIPEWrCQdD8e,"Aplikasinya bagus, meng-integrasi kebutuhan informasi angkutan bus.",5,0,1.0.4,2023-03-13 07:26:13,,,1.0.4
3e8ed88b-7d5e-4afc-be95-d82dba206c2b,Fredy Yoseph Marianto,https://play-lh.googleusercontent.com/a-/ALV-UjWhuE2ttYw9nCV8quWJiU-CKx3PUNFfSnGG9221xeuPVhAHmuHC,Very useful application,5,2,1.0.4,2023-03-13 07:25:49,,,1.0.4
90085b60-df99-4551-bba7-c2c126f57b6e,rahma ramadhani,https://play-lh.googleusercontent.com/a-/ALV-UjX1HAGJDhDu35PrWkF_ZRx7BEOHJtqylzNdG1EF246HbXu1RZy5,muncul http failed try again trs ????? pdhl sinyal wifi Lancar,3,4,1.0.4,2023-03-13 07:17:43,"Hai kak, mohon maaf atas ketidaknyamanannya üôè",2023-03-13 07:20:34,1.0.4
039b9d62-c45a-4878-96cf-0e33054dbe3c,Gravel Noe,https://play-lh.googleusercontent.com/a-/ALV-UjV3V6cs9jra_O5rLq8edizvjc-Ayr-vI1SJm7BFgdgFskfs2tum,"Gk bisa login disaat dibutuhkan, program mudik gratis jd gk",1,0,1.0.4,2023-03-13 07:17:20,"Hai kak, mohon maaf atas ketidaknyamanannya üôè",2023-03-13 07:13:18,1.0.4
41388cb9-b034-4c65-aff3-36e78e3fd6e9,Oem Aja,https://play-lh.googleusercontent.com/a/ACg8ocIsZKqNQycSAF7Hq9ISxLigw4QzrxRtkDqENoospb9dYlhySQ=mo,"Apaan, jam 2 ditungguin buat daftar mudik gratis langsung error. UI nya aja yg keren.",1,0,,2023-03-13 07:10:19,"Hai kak, mohon maaf atas ketidaknyamanannya üôè",2023-03-13 07:11:56,
64be1282-ec3e-408f-b270-1b128624eab2,Andri Pr,https://play-lh.googleusercontent.com/a-/ALV-UjWGkMz-PCHaA-e-ceeVuApY9CKjeMQJgWl8VuyLWs6BX2P4OCHC,"13 Maret ,13.43 WIB Eror Lagi....Setelah update tidak bisa login.sudah di coba login berulang tetap tidak bisa,di Android 8, versi aplikasi mitradarat 1.0.4 Tolong diperbaiki.",2,0,1.0.4,2023-03-13 06:44:42,"Hai kak, maaf atas ketidaknyamanannya. Mohon tunggu yah kami sedang melakukan pengecekan. Thanks",2023-03-13 06:46:04,1.0.4
5c1409d8-3d14-4ae1-bea1-1e19221a2aa1,Achmad Maulana,https://play-lh.googleusercontent.com/a-/ALV-UjWBeUFFlNpTrWhqsnv37QlM_e9MwEjOnFYFbJWZfRYMqJSye4Lt,sangat membantu sekali dalam pelayanan mudik gratis dari kemenhub,5,0,1.0.4,2023-03-13 01:34:35,,,1.0.4
993f12ed-c0da-4e72-8b7a-7f5592705e72,Saiful Anwar,https://play-lh.googleusercontent.com/a-/ALV-UjUkRHpFWAa31_2PV_tV6Fx_Z9e9jHJGDVQHoKJINflIiiqxXVMS,"Tidak bisa login, request time out",1,3,1.0.4,2023-03-12 16:06:55,Mohon maaf kami sedang melakukan peningkatan layanan hingga 13 Maret 2023 pukul 08.00 WIB . Silahkan akses kembali setelah proses peningkatan selesai .,2023-03-12 23:18:16,1.0.4
e1992314-2d1b-475e-9a11-0821d79cdbcc,Reynaldo,https://play-lh.googleusercontent.com/a-/ALV-UjX9uZP2BLXD0X9Iq227gpPYgWumBnd16jdp7gyEzqKXxXjPsTIF3A,keren UI nya,5,2,,2023-03-05 10:23:32,,,
e12650d9-17e8-41ed-9f53-8a772207fb13,Ira Debrina,https://play-lh.googleusercontent.com/a-/ALV-UjWIgefh5tbIqytfEudZlVb7Ddi6t9eDY0BM3ZM3U23xxBKzxeLY,Inovatif,5,2,1.0.0,2023-03-03 06:39:09,,,1.0.0
de52e1ab-a5a8-47ec-81ce-78183767e044,staf receh,https://play-lh.googleusercontent.com/a/ACg8ocKde_jbhazq-AmLAG94m0fc-8MeomJUX1JpIzqJ21uJKILuWA=mo,Jos semoga makin canggih üòé,5,2,1.0.0,2023-02-27 12:29:40,,,1.0.0
